price,neighborhood,property_type,bedrooms,bathrooms,sqft,parking,year_built,walk_score
886817,Vaughan,Townhouse,4,3,1988,1,1982,94
766422,Burlington,Townhouse,3,2,1730,1,2003,49
1244797,Richmond Hill,Detached,3,2,2659,2,1984,68
759471,Burlington,Semi-Detached,3,1,1987,1,2006,81
777264,Mississauga,Townhouse,3,2,1730,2,1968,58
1071961,Toronto-Midtown,Townhouse,4,2,2049,1,1979,79
693767,Vaughan,Townhouse,3,2,1805,1,1963,21
1631999,Richmond Hill,Detached,4,2,2690,3,1969,81
1020446,Brampton,Detached,4,2,2961,1,1999,99
1369820,Toronto-Midtown,Semi-Detached,4,2,2301,1,1988,34
674795,Toronto-Downtown,Condo,3,2,1285,0,1976,27
1043799,Mississauga,Semi-Detached,4,1,2280,1,1968,91
871754,Hamilton,Detached,3,2,2261,2,1999,54
814787,Toronto-Downtown,Semi-Detached,2,2,1806,2,1973,46
693699,Ajax,Semi-Detached,3,1,1978,1,2011,23
1021661,Oakville,Semi-Detached,3,2,1828,1,2018,47
2180895,Toronto-Midtown,Detached,5,3,2933,2,1979,49
765674,Burlington,Townhouse,4,3,2030,2,1986,81
571457,Ajax,Townhouse,3,2,1797,1,1996,70
647958,Pickering,Townhouse,3,2,1759,1,2008,81
1555414,Toronto-Downtown,Detached,5,2,3185,2,2015,78
1629815,Toronto-Downtown,Detached,4,2,2984,2,2021,21
1074572,Oakville,Townhouse,3,2,1846,1,2018,36
789944,Richmond Hill,Townhouse,3,3,1813,1,1992,92
452447,Hamilton,Semi-Detached,2,1,1697,1,1985,86
722437,Mississauga,Townhouse,3,2,1760,1,1999,20
642847,Burlington,Townhouse,3,2,1758,2,2019,35
705278,Pickering,Townhouse,3,2,1601,2,1964,56
933046,Burlington,Semi-Detached,3,2,2103,2,2013,52
731041,Markham,Townhouse,2,2,1565,1,2007,44
988944,Toronto-Midtown,Townhouse,3,2,1762,1,1992,87
1738611,Toronto-Downtown,Detached,4,3,2883,2,2023,52
648545,Hamilton,Semi-Detached,3,1,2037,1,2010,73
961545,Markham,Semi-Detached,3,2,1896,1,1964,80
637470,Mississauga,Townhouse,2,2,1416,2,2005,25
685699,Mississauga,Townhouse,2,3,1640,1,2019,82
1069692,Oakville,Townhouse,4,2,1927,1,2013,77
582956,Mississauga,Townhouse,2,2,1574,2,1986,21
429679,Pickering,Condo,3,1,1325,1,1985,69
588809,Ajax,Townhouse,4,2,1856,1,1967,35
632731,Hamilton,Semi-Detached,3,2,2121,1,2010,44
738970,Pickering,Semi-Detached,4,3,2107,1,1965,34
1013803,Richmond Hill,Semi-Detached,2,2,1602,1,1998,87
514068,Richmond Hill,Condo,1,1,748,1,1972,49
388324,Mississauga,Condo,2,1,957,0,2012,81
917027,Vaughan,Semi-Detached,3,2,1857,2,1991,67
667235,Ajax,Townhouse,4,2,1988,1,1981,86
859127,Hamilton,Detached,4,3,2684,2,2006,81
394127,Brampton,Condo,2,1,1075,1,2021,42
1473439,Pickering,Detached,5,4,2979,2,2017,20
451201,Markham,Condo,2,1,979,1,2023,51
733938,Burlington,Townhouse,3,2,1723,1,2002,31
496331,Mississauga,Condo,3,2,1193,0,2005,21
1440210,Mississauga,Detached,4,2,2763,2,2021,53
522273,Mississauga,Condo,2,1,1013,1,1995,40
580382,Ajax,Townhouse,2,3,1591,1,1995,43
1550740,Vaughan,Detached,4,2,2682,2,2000,49
473261,Toronto-Downtown,Condo,2,2,985,0,1995,31
614674,Ajax,Semi-Detached,2,2,1755,1,2017,35
615228,Oakville,Condo,1,1,772,0,1975,76
589516,Vaughan,Condo,3,2,1291,1,1982,94
1153223,Toronto-Midtown,Semi-Detached,2,2,1802,2,1999,61
1355844,Ajax,Detached,5,2,2828,1,2007,84
853000,Richmond Hill,Townhouse,3,3,1644,1,1990,38
890587,Hamilton,Detached,4,2,2518,1,1972,77
677131,Brampton,Townhouse,3,3,1766,1,2021,82
238386,Hamilton,Condo,1,1,766,1,1991,64
1105594,Oakville,Townhouse,3,3,1828,1,2016,37
368055,Ajax,Condo,2,1,1016,1,1982,76
778326,Burlington,Townhouse,4,2,1901,1,1967,55
570090,Pickering,Townhouse,3,2,1819,1,1986,82
472937,Toronto-Downtown,Condo,2,2,1056,0,1965,88
899378,Ajax,Detached,3,4,2450,1,1992,84
1361432,Toronto-Midtown,Townhouse,4,2,1825,1,1986,68
1484558,Toronto-Downtown,Detached,3,2,2604,1,1976,88
2463350,Oakville,Detached,5,3,2852,3,1976,97
1032159,Ajax,Detached,3,2,2459,2,1991,53
572362,Hamilton,Semi-Detached,2,2,1711,1,2009,31
1530187,Toronto-Downtown,Detached,5,2,3050,2,2006,42
562588,Oakville,Condo,2,2,1002,0,1997,69
2217197,Toronto-Midtown,Detached,4,3,2946,2,1992,98
1008419,Hamilton,Detached,4,4,2632,2,1976,93
666331,Toronto-Downtown,Townhouse,2,2,1405,1,2002,62
732536,Burlington,Semi-Detached,3,2,2135,1,1967,23
972551,Markham,Townhouse,3,3,1794,1,2020,70
397706,Mississauga,Condo,1,1,710,0,1964,31
1073391,Pickering,Detached,4,3,2800,2,2006,75
859459,Burlington,Semi-Detached,3,1,2091,2,2020,71
1507581,Markham,Detached,3,3,2277,2,1973,78
1021164,Markham,Semi-Detached,4,3,2287,2,1977,57
765248,Mississauga,Semi-Detached,3,1,1827,1,1998,63
381964,Ajax,Condo,2,1,1037,1,2006,53
906069,Markham,Townhouse,3,2,1768,1,2023,78
1014086,Markham,Semi-Detached,4,2,2338,1,1965,23
1012699,Burlington,Detached,3,2,2510,3,1990,59
1335150,Oakville,Townhouse,4,3,2011,2,1965,70
1108743,Ajax,Detached,4,3,2934,3,1985,87
767713,Mississauga,Townhouse,3,2,1646,1,1997,56
796949,Burlington,Semi-Detached,3,2,1960,1,1964,42
639244,Pickering,Townhouse,3,2,1683,1,1976,28
887334,Burlington,Semi-Detached,3,2,1893,1,2019,69
1195737,Oakville,Townhouse,4,2,2026,1,1981,79
978552,Markham,Semi-Detached,4,1,2335,2,1978,97
1239055,Pickering,Detached,4,4,2588,2,1999,33
473850,Mississauga,Condo,2,2,1042,1,2006,85
1059634,Oakville,Townhouse,3,2,1797,2,1967,61
982614,Brampton,Semi-Detached,4,2,2280,1,2016,46
459182,Vaughan,Condo,1,1,659,1,2013,57
355491,Brampton,Condo,1,1,806,1,1963,95
1387198,Toronto-Midtown,Semi-Detached,3,2,2091,2,1979,30
624862,Pickering,Townhouse,3,2,1646,1,1985,32
1556306,Markham,Detached,3,2,2303,3,1995,87
907016,Oakville,Townhouse,2,2,1640,1,2013,70
522021,Markham,Condo,3,1,1195,0,1995,73
483416,Vaughan,Condo,2,1,1014,1,1968,72
1193071,Ajax,Detached,5,2,3224,1,1985,94
1573792,Richmond Hill,Detached,4,3,2846,2,2003,70
848843,Richmond Hill,Townhouse,3,2,1844,2,2022,41
557968,Pickering,Townhouse,3,2,1680,2,2013,82
499958,Markham,Condo,1,1,828,0,1991,49
578140,Toronto-Downtown,Condo,2,2,918,0,2006,85
773276,Richmond Hill,Townhouse,3,2,1778,1,1988,74
746183,Vaughan,Semi-Detached,3,1,1961,1,1987,51
1125419,Toronto-Midtown,Semi-Detached,3,1,2046,1,2022,91
592955,Richmond Hill,Condo,2,1,996,1,1994,97
1611276,Markham,Detached,5,2,2964,1,2014,67
1160802,Toronto-Midtown,Semi-Detached,3,2,1884,1,1995,48
1284991,Hamilton,Detached,5,4,3203,2,1962,31
406445,Brampton,Condo,2,2,1036,1,2011,43
1645064,Toronto-Downtown,Detached,4,4,2714,2,2010,33
645042,Ajax,Townhouse,3,2,1800,1,1963,45
346756,Pickering,Condo,1,1,724,1,2001,60
1517183,Richmond Hill,Detached,4,3,2877,2,1981,46
795249,Ajax,Semi-Detached,4,2,2317,1,1969,64
1383431,Toronto-Downtown,Detached,4,3,2545,1,2002,84
462000,Mississauga,Condo,2,1,1048,1,1995,78
696311,Vaughan,Townhouse,3,2,1710,2,2015,52
615088,Pickering,Townhouse,3,2,1843,1,2004,92
1065863,Pickering,Detached,3,2,2216,2,1999,61
541666,Ajax,Semi-Detached,2,1,1657,1,1993,31
432749,Mississauga,Condo,1,1,838,1,2008,66
1211670,Hamilton,Detached,5,3,3278,3,2013,99
737260,Richmond Hill,Townhouse,3,2,1742,1,1985,66
649754,Pickering,Townhouse,4,2,2012,1,1974,26
919569,Ajax,Semi-Detached,4,3,2264,2,2011,58
1288675,Mississauga,Detached,4,3,2513,2,2019,64
1323725,Toronto-Midtown,Semi-Detached,3,2,1982,1,2015,23
546522,Richmond Hill,Condo,2,1,1069,1,1994,61
2033094,Toronto-Midtown,Detached,3,2,2473,3,1998,65
385240,Brampton,Condo,2,1,1084,1,2016,29
670779,Ajax,Semi-Detached,3,2,1976,1,1989,87
2092686,Toronto-Midtown,Detached,4,2,2936,3,2008,87
768642,Hamilton,Semi-Detached,4,2,2247,2,1983,30
732066,Toronto-Midtown,Condo,2,1,971,1,2012,93
1434840,Burlington,Detached,4,2,2758,3,2013,66
483455,Vaughan,Condo,2,1,960,0,1977,81
903701,Toronto-Downtown,Townhouse,4,2,1812,1,1968,87
2012129,Oakville,Detached,4,2,2622,1,1984,95
397385,Pickering,Condo,2,2,1038,0,1974,57
1138800,Markham,Semi-Detached,4,2,2086,1,1964,96
1707291,Toronto-Downtown,Detached,4,3,2848,3,1999,59
352844,Burlington,Condo,1,1,796,1,2018,78
449763,Ajax,Condo,3,1,1319,0,2019,26
1205904,Oakville,Semi-Detached,4,2,2080,2,2002,72
679724,Vaughan,Semi-Detached,2,2,1626,1,1991,32
444352,Burlington,Condo,2,1,997,1,1994,89
1345715,Mississauga,Detached,3,3,2681,2,1989,56
832310,Richmond Hill,Townhouse,2,3,1467,1,1981,36
1424660,Pickering,Detached,4,3,2709,3,1988,95
715473,Brampton,Semi-Detached,2,2,1556,1,2006,98
872754,Mississauga,Semi-Detached,3,2,2025,2,1972,58
458871,Vaughan,Condo,2,1,1029,1,1970,46
586684,Mississauga,Condo,3,1,1170,1,1979,25
428601,Mississauga,Condo,2,1,957,1,2020,54
473625,Toronto-Downtown,Condo,2,1,926,1,1976,72
865506,Markham,Semi-Detached,3,2,1998,1,2012,43
976570,Hamilton,Detached,4,3,2652,1,2021,28
883718,Richmond Hill,Townhouse,3,2,1845,1,1967,30
826283,Toronto-Downtown,Townhouse,3,2,1681,1,1991,30
399059,Ajax,Condo,3,2,1160,1,1976,95
967456,Ajax,Detached,3,3,2285,2,1999,51
823860,Toronto-Midtown,Townhouse,2,2,1632,1,2011,45
987105,Richmond Hill,Semi-Detached,2,2,1723,1,2001,63
876240,Toronto-Downtown,Townhouse,3,3,1733,1,1990,51
1347823,Ajax,Detached,5,4,3147,3,2018,26
693195,Burlington,Townhouse,3,2,1621,1,2000,79
1004408,Pickering,Detached,3,2,2286,2,2010,38
1236368,Vaughan,Detached,4,2,2618,2,2003,89
1223093,Toronto-Midtown,Semi-Detached,3,3,1858,1,1994,80
1197625,Richmond Hill,Semi-Detached,3,3,2104,2,2020,43
411727,Brampton,Condo,2,1,919,1,2010,55
387977,Pickering,Condo,2,1,978,1,2001,77
440429,Richmond Hill,Condo,1,1,689,1,1985,27
576782,Brampton,Townhouse,3,2,1613,2,1964,57
964993,Ajax,Detached,3,3,2213,2,1961,89
918966,Toronto-Downtown,Semi-Detached,3,2,1962,1,1999,95
914865,Markham,Townhouse,4,2,1938,2,1975,93
766705,Pickering,Townhouse,4,2,1819,1,2016,83
848010,Richmond Hill,Townhouse,3,2,1774,1,2008,63
1041769,Markham,Townhouse,4,2,1988,1,1968,56
895303,Brampton,Detached,3,2,2397,1,1992,70
1086629,Hamilton,Detached,4,3,2750,1,2009,48
708220,Ajax,Semi-Detached,3,2,1977,1,1982,64
659349,Brampton,Townhouse,4,3,1807,2,1967,48
725843,Richmond Hill,Condo,3,1,1342,1,1969,49
1986339,Toronto-Midtown,Detached,4,4,2731,2,1984,65
453043,Brampton,Condo,2,2,1041,1,1985,81
1220936,Hamilton,Detached,5,2,2872,3,1972,92
528446,Oakville,Condo,1,1,747,1,1997,38
1697085,Richmond Hill,Detached,4,3,2838,3,2021,73
484880,Vaughan,Condo,2,1,1098,1,1988,52
732068,Toronto-Downtown,Townhouse,3,2,1817,1,1973,93
2149841,Toronto-Midtown,Detached,4,3,2827,2,2012,45
534351,Ajax,Townhouse,2,2,1606,1,2007,89
1351394,Toronto-Midtown,Townhouse,4,2,1950,1,2012,34
586818,Ajax,Townhouse,4,2,1820,1,1973,87
978286,Oakville,Townhouse,3,3,1755,1,1995,49
1700801,Toronto-Midtown,Detached,3,3,2544,2,2003,93
474218,Vaughan,Condo,1,1,819,0,1979,87
1310346,Richmond Hill,Semi-Detached,4,2,2222,1,2014,41
567132,Richmond Hill,Condo,3,1,1158,1,2016,61
854243,Markham,Townhouse,3,2,1636,1,1995,79
1780226,Vaughan,Detached,5,3,3257,2,2006,68
763984,Mississauga,Townhouse,4,2,2008,1,1994,90
1385787,Burlington,Detached,3,3,2640,2,1994,26
1670931,Oakville,Detached,4,3,2666,2,1983,79
668316,Mississauga,Townhouse,3,2,1766,1,1996,55
463706,Mississauga,Condo,2,1,1068,1,2019,21
288463,Hamilton,Condo,1,1,657,1,2013,63
622686,Pickering,Semi-Detached,2,1,1721,1,1993,49
666957,Brampton,Townhouse,3,2,1796,1,2016,74
1310212,Pickering,Detached,4,4,2511,2,1979,22
896097,Vaughan,Townhouse,4,2,2011,2,2016,49
1057127,Oakville,Townhouse,3,2,1830,2,1971,57
1002677,Brampton,Detached,3,2,2350,2,1980,21
487042,Burlington,Condo,2,1,1079,0,1977,74
1098272,Richmond Hill,Semi-Detached,4,2,2365,2,2006,68
1380811,Pickering,Detached,5,2,3015,2,1962,99
906498,Vaughan,Townhouse,4,2,1962,1,1977,97
1242991,Brampton,Detached,4,4,2780,2,1990,33
1862691,Toronto-Downtown,Detached,5,4,3235,2,1984,32
1420708,Oakville,Detached,3,2,2224,2,1971,51
327297,Hamilton,Condo,3,2,1209,1,2002,21
497306,Hamilton,Semi-Detached,2,1,1815,1,2009,50
1118966,Markham,Semi-Detached,4,1,2148,1,2005,26
298936,Hamilton,Condo,2,2,916,0,1988,71
755367,Brampton,Townhouse,4,3,2028,2,2020,26
636339,Burlington,Townhouse,3,2,1685,2,2021,40
1523444,Richmond Hill,Detached,3,3,2513,1,1972,72
808380,Toronto-Midtown,Condo,3,1,1337,1,2023,74
1789635,Oakville,Detached,3,4,2311,2,2000,71
1790472,Richmond Hill,Detached,4,4,2604,1,2000,20
1074443,Toronto-Midtown,Townhouse,2,2,1641,1,1980,47
951081,Burlington,Semi-Detached,3,3,1999,1,1982,64
391819,Mississauga,Condo,2,1,1000,0,1982,62
638322,Toronto-Downtown,Condo,3,1,1166,1,2017,50
857586,Brampton,Semi-Detached,4,3,2077,1,1964,27
1173521,Pickering,Detached,3,3,2536,2,1984,92
1339101,Toronto-Midtown,Semi-Detached,3,1,2123,2,2017,81
2021786,Toronto-Midtown,Detached,4,2,2987,1,1991,35
740589,Hamilton,Detached,3,2,2623,2,1999,78
1133082,Hamilton,Detached,4,4,2913,3,2010,65
1036019,Toronto-Downtown,Townhouse,4,2,2021,2,2000,66
717581,Toronto-Midtown,Condo,2,1,1035,1,1982,94
1766291,Richmond Hill,Detached,5,4,3084,2,1980,98
821707,Brampton,Semi-Detached,4,2,2137,1,1996,80
886887,Toronto-Downtown,Townhouse,3,2,1622,1,2006,44
1102153,Oakville,Semi-Detached,2,2,1621,1,1960,23
1130274,Markham,Semi-Detached,3,3,1809,2,1986,46
740590,Toronto-Midtown,Condo,2,1,1063,0,2013,31
1627175,Toronto-Downtown,Detached,3,4,2576,2,1990,89
1250726,Markham,Semi-Detached,4,2,2181,2,1994,45
1746170,Oakville,Detached,4,3,2904,1,2019,76
357949,Brampton,Condo,2,1,913,1,2017,74
531445,Brampton,Townhouse,2,2,1557,2,2019,38
948359,Toronto-Downtown,Semi-Detached,2,1,1658,2,2012,50
612313,Brampton,Townhouse,3,2,1693,1,1977,82
447890,Brampton,Condo,2,2,956,1,1976,89
697597,Brampton,Townhouse,3,2,1797,2,1998,28
522821,Pickering,Townhouse,3,2,1737,1,2008,89
1118334,Toronto-Downtown,Semi-Detached,3,3,1834,1,1988,83
1134513,Oakville,Townhouse,4,2,1804,1,2021,58
1204995,Toronto-Midtown,Semi-Detached,3,2,2125,1,2003,79
687248,Ajax,Semi-Detached,4,2,2262,1,1989,26
917289,Mississauga,Semi-Detached,4,1,2385,1,1984,96
882344,Richmond Hill,Townhouse,2,3,1506,1,2016,40
1262859,Brampton,Detached,4,2,2626,2,1970,39
1012856,Markham,Semi-Detached,4,2,2203,1,2016,56
343296,Pickering,Condo,1,1,814,1,1984,31
291788,Ajax,Condo,1,1,845,1,1981,52
816656,Toronto-Downtown,Townhouse,2,3,1585,1,2008,36
2210000,Toronto-Midtown,Detached,3,4,2529,1,2007,76
1991107,Toronto-Midtown,Detached,4,3,2624,2,2006,59
822261,Richmond Hill,Townhouse,3,3,1842,1,1966,40
1077791,Brampton,Detached,4,3,2713,1,1974,33
465917,Burlington,Condo,2,2,925,1,2015,22
784685,Markham,Townhouse,3,2,1605,1,2018,69
725964,Burlington,Semi-Detached,3,1,2067,1,1987,60
466176,Brampton,Condo,2,2,946,0,1977,61
565880,Hamilton,Townhouse,3,2,1679,2,2009,59
576404,Richmond Hill,Condo,2,1,907,1,2002,23
1458951,Richmond Hill,Detached,3,4,2211,2,1960,82
563622,Vaughan,Condo,2,1,903,1,2018,46
489674,Oakville,Condo,1,1,797,1,1964,80
264187,Hamilton,Condo,1,1,783,1,1970,85
485795,Hamilton,Townhouse,3,2,1813,2,1985,40
436975,Hamilton,Townhouse,2,3,1562,1,2006,77
431590,Burlington,Condo,2,1,916,1,1974,54
708590,Toronto-Downtown,Townhouse,3,2,1826,1,1998,89
579497,Ajax,Townhouse,3,3,1686,1,2017,44
1043550,Richmond Hill,Semi-Detached,3,1,1916,1,1995,95
1169232,Toronto-Downtown,Semi-Detached,4,1,2256,1,2018,42
841675,Burlington,Semi-Detached,3,2,1941,2,1994,38
563100,Burlington,Townhouse,2,2,1413,2,2007,70
1636620,Mississauga,Detached,4,4,2672,3,2018,38
939348,Brampton,Detached,3,2,2363,1,2023,52
869838,Markham,Townhouse,3,2,1826,1,2000,87
883599,Burlington,Townhouse,4,3,1924,1,2022,74
722078,Toronto-Downtown,Townhouse,2,2,1463,1,1980,88
446102,Brampton,Condo,2,1,1088,0,1993,84
575238,Markham,Condo,2,1,1081,1,2000,38
656624,Pickering,Townhouse,3,2,1650,1,2010,23
792521,Vaughan,Semi-Detached,2,1,1625,1,1961,53
764215,Burlington,Semi-Detached,4,1,2311,2,2020,31
1788387,Richmond Hill,Detached,5,2,3161,3,2008,59
793406,Mississauga,Townhouse,3,2,1740,1,2008,81
1104437,Markham,Semi-Detached,4,1,2344,2,2021,73
398412,Ajax,Condo,3,1,1166,0,1998,74
789456,Ajax,Semi-Detached,3,2,1946,1,2004,20
878728,Markham,Townhouse,3,3,1788,1,2007,52
713494,Pickering,Semi-Detached,4,2,2202,1,2004,66
547953,Vaughan,Condo,2,1,1093,1,1995,38
529057,Hamilton,Townhouse,3,2,1721,1,1961,82
1039143,Ajax,Detached,4,3,2765,2,1968,58
686263,Hamilton,Semi-Detached,4,1,2051,1,1989,59
659184,Toronto-Midtown,Condo,2,1,964,0,1996,81
1068930,Toronto-Downtown,Semi-Detached,3,2,2093,2,1977,55
373038,Mississauga,Condo,1,1,771,1,1991,86
762748,Mississauga,Townhouse,3,3,1622,1,2017,76
825222,Richmond Hill,Townhouse,3,2,1633,1,1963,56
510916,Markham,Condo,2,1,1056,1,1994,62
1206607,Burlington,Detached,4,2,2563,2,2011,75
939607,Hamilton,Detached,4,3,2864,3,1983,78
683860,Mississauga,Semi-Detached,2,1,1783,1,2020,34
1738029,Oakville,Detached,3,4,2236,3,1982,25
1297072,Brampton,Detached,5,4,2876,2,1976,41
320414,Brampton,Condo,1,1,811,0,1982,70
1485105,Mississauga,Detached,5,3,3049,1,2003,40
676897,Hamilton,Semi-Detached,3,2,1891,1,1972,30
881419,Brampton,Semi-Detached,4,2,2387,1,2017,38
1298117,Oakville,Semi-Detached,3,1,1944,2,2022,83
388336,Burlington,Condo,2,1,946,1,1970,24
976887,Toronto-Downtown,Townhouse,3,3,1611,2,1985,67
463286,Hamilton,Townhouse,3,2,1782,1,1992,81
1044011,Markham,Semi-Detached,3,2,2048,1,2012,97
1525003,Burlington,Detached,4,3,2738,2,2007,92
641874,Markham,Townhouse,2,2,1624,2,1997,86
470334,Burlington,Condo,2,1,930,1,1981,62
1566869,Mississauga,Detached,4,3,2776,2,1983,54
1934344,Markham,Detached,5,2,2818,2,1999,90
908609,Vaughan,Semi-Detached,4,3,2050,1,1967,24
503803,Hamilton,Townhouse,4,3,1834,1,1968,53
1102920,Brampton,Detached,3,2,2271,1,2004,53
1054946,Mississauga,Semi-Detached,4,2,2194,1,1975,79
2036747,Toronto-Midtown,Detached,4,3,2914,2,1967,97
1244125,Markham,Detached,3,2,2430,2,2000,49
581164,Oakville,Condo,2,1,956,1,2014,42
1246878,Pickering,Detached,5,3,2947,2,1987,72
1068415,Markham,Semi-Detached,3,2,2004,2,1971,50
2296456,Toronto-Midtown,Detached,5,3,3160,2,1990,45
984341,Toronto-Midtown,Townhouse,3,3,1687,2,1964,63
589684,Ajax,Townhouse,3,2,1664,1,1993,63
728450,Brampton,Townhouse,4,3,1882,2,1971,70
715213,Oakville,Condo,2,1,1060,1,2014,29
432298,Vaughan,Condo,2,1,1060,0,1963,66
886991,Ajax,Detached,3,3,2410,2,1996,67
828734,Vaughan,Townhouse,4,2,2039,1,2003,90
382369,Ajax,Condo,2,2,930,1,1997,94
834927,Richmond Hill,Townhouse,3,3,1686,1,1983,27
811142,Vaughan,Townhouse,3,2,1835,1,2013,73
620992,Toronto-Downtown,Townhouse,2,2,1412,1,1969,72
718973,Hamilton,Semi-Detached,4,1,2214,2,1976,33
691528,Pickering,Semi-Detached,3,2,1816,2,1988,62
552270,Ajax,Townhouse,2,2,1464,1,2006,77
514006,Hamilton,Semi-Detached,3,1,1974,2,1965,26
545290,Oakville,Condo,2,1,956,1,2002,96
901771,Vaughan,Townhouse,4,2,1874,2,2015,91
967320,Richmond Hill,Semi-Detached,3,1,1956,1,1974,63
749808,Pickering,Townhouse,4,3,1932,1,1970,34
1071824,Hamilton,Detached,4,2,2991,2,1984,29
371325,Burlington,Condo,1,1,849,1,1987,94
520858,Burlington,Condo,2,2,1081,1,2000,65
1571433,Toronto-Midtown,Detached,3,2,2507,2,1992,69
1002557,Richmond Hill,Semi-Detached,4,2,2171,1,1997,81
1754554,Richmond Hill,Detached,4,3,2896,2,1965,27
307495,Hamilton,Condo,1,1,724,1,1987,89
669646,Ajax,Townhouse,3,2,1783,1,2016,95
362370,Burlington,Condo,2,1,954,0,1965,23
698482,Hamilton,Semi-Detached,4,2,2322,2,1961,53
615609,Vaughan,Townhouse,2,2,1495,1,2002,58
926330,Toronto-Downtown,Semi-Detached,4,2,2142,1,1969,55
1211656,Oakville,Townhouse,4,2,1970,1,1999,85
850850,Vaughan,Townhouse,4,2,1954,1,1972,64
627238,Pickering,Townhouse,3,2,1754,2,1984,90
953640,Toronto-Downtown,Semi-Detached,3,2,1962,1,1985,97
1788780,Toronto-Downtown,Detached,5,2,2980,2,2009,20
1438231,Pickering,Detached,5,2,3065,3,1964,84
1827174,Toronto-Downtown,Detached,5,2,3020,2,2015,70
1384576,Oakville,Semi-Detached,3,3,1908,1,1966,45
562513,Markham,Condo,2,2,1005,1,2004,27
587830,Ajax,Townhouse,3,3,1755,1,2017,34
441454,Mississauga,Condo,2,1,926,1,1993,43
1713665,Markham,Detached,5,3,3232,2,1982,88
1696879,Oakville,Detached,4,3,2687,2,1969,59
803431,Vaughan,Semi-Detached,3,2,1802,2,1963,95
1165041,Richmond Hill,Semi-Detached,3,2,2142,1,1996,44
827442,Burlington,Semi-Detached,2,2,1596,2,2015,41
2083400,Oakville,Detached,4,3,2558,2,1991,78
1160263,Toronto-Midtown,Semi-Detached,3,1,1809,1,2007,71
705654,Ajax,Semi-Detached,4,1,2370,2,1976,85
954798,Markham,Semi-Detached,4,2,2050,1,2020,76
1786897,Toronto-Downtown,Detached,5,2,2940,2,2012,22
1117195,Toronto-Downtown,Semi-Detached,4,2,2158,2,1962,34
723964,Brampton,Townhouse,3,3,1712,1,1999,97
455714,Pickering,Condo,3,1,1281,1,1965,68
916952,Markham,Semi-Detached,3,2,2135,2,2023,81
766770,Mississauga,Semi-Detached,3,1,1888,1,1982,21
1782411,Markham,Detached,4,3,2506,2,2009,35
896829,Vaughan,Semi-Detached,3,1,2127,1,2021,72
488824,Burlington,Condo,2,1,996,1,1964,78
1173391,Toronto-Downtown,Detached,3,2,2413,2,2006,58
430554,Brampton,Condo,2,1,978,0,2023,73
712888,Markham,Townhouse,3,2,1801,2,2021,48
371459,Pickering,Condo,1,1,805,1,1985,60
997441,Toronto-Downtown,Semi-Detached,3,1,2065,1,1961,43
1499927,Pickering,Detached,5,3,3094,1,1979,60
885272,Richmond Hill,Townhouse,3,2,1710,1,1981,86
1020277,Richmond Hill,Semi-Detached,3,2,1847,1,2018,21
378009,Brampton,Condo,1,1,702,1,2007,40
724701,Burlington,Townhouse,3,3,1624,1,2004,87
579651,Vaughan,Condo,2,2,1037,1,2001,51
739276,Richmond Hill,Townhouse,3,2,1626,1,2018,44
675051,Hamilton,Semi-Detached,3,2,1872,1,1987,36
510072,Burlington,Condo,2,2,1067,1,2006,71
434266,Toronto-Downtown,Condo,1,1,683,0,1962,81
441742,Pickering,Condo,2,1,947,1,2022,38
877722,Brampton,Semi-Detached,3,2,2120,1,1967,70
503254,Pickering,Condo,3,1,1238,1,1992,73
509945,Oakville,Condo,1,1,651,1,2019,59
1294534,Brampton,Detached,4,4,2591,2,2023,30
334960,Pickering,Condo,1,1,784,0,1963,98
928032,Toronto-Downtown,Semi-Detached,4,1,2170,1,2007,48
618644,Oakville,Condo,1,1,848,1,1978,54
355719,Brampton,Condo,1,1,676,1,1980,80
831505,Pickering,Townhouse,4,3,1845,2,1995,68
1278683,Pickering,Detached,5,4,3012,3,2004,54
1708205,Vaughan,Detached,4,3,2586,3,1962,49
709847,Ajax,Semi-Detached,3,1,1964,1,2011,42
821010,Toronto-Downtown,Semi-Detached,2,2,1683,2,2013,52
1539273,Toronto-Downtown,Detached,3,4,2661,1,2010,55
575291,Toronto-Midtown,Condo,1,1,816,0,1978,34
549850,Hamilton,Townhouse,3,2,1774,1,1962,93
1107734,Markham,Semi-Detached,4,1,2190,2,2007,96
459194,Toronto-Downtown,Condo,1,1,777,1,1972,88
358665,Pickering,Condo,2,2,1002,1,1976,62
742255,Ajax,Semi-Detached,3,2,1916,1,1975,44
1010349,Richmond Hill,Townhouse,3,3,1692,2,2010,70
623204,Richmond Hill,Condo,2,1,1046,1,1962,30
1913394,Oakville,Detached,4,4,2934,2,1967,41
819146,Richmond Hill,Townhouse,2,3,1478,1,2004,85
991319,Richmond Hill,Semi-Detached,3,3,2033,1,2013,97
1165654,Markham,Semi-Detached,4,2,2109,2,2002,49
1190064,Burlington,Detached,4,3,2847,2,2015,98
554371,Ajax,Townhouse,3,2,1700,1,1991,77
317695,Brampton,Condo,1,1,693,1,1968,25
381573,Pickering,Condo,1,1,670,1,1996,81
651522,Pickering,Townhouse,3,3,1653,1,2016,59
1437534,Burlington,Detached,4,4,2799,2,1985,21
994479,Toronto-Midtown,Townhouse,3,2,1661,1,1997,86
1042861,Richmond Hill,Semi-Detached,3,2,1972,2,2005,32
843979,Burlington,Townhouse,4,2,1980,2,1982,89
729462,Markham,Townhouse,3,3,1760,1,2022,41
695678,Richmond Hill,Condo,3,1,1154,1,2007,25
612843,Ajax,Townhouse,3,2,1756,1,1977,21
1241131,Markham,Semi-Detached,4,2,2087,1,2002,80
576835,Burlington,Townhouse,3,2,1690,1,2020,32
738267,Toronto-Downtown,Semi-Detached,2,2,1853,1,1990,97
1624892,Markham,Detached,4,2,2682,3,1994,22
691400,Oakville,Condo,2,1,967,1,2002,85
448836,Pickering,Condo,2,1,986,1,2014,47
1393264,Oakville,Semi-Detached,3,3,2067,1,2001,57
1157928,Ajax,Detached,3,3,2601,2,2015,94
915012,Oakville,Townhouse,3,2,1688,1,1978,84
801090,Vaughan,Townhouse,3,2,1749,1,1988,65
1175463,Toronto-Midtown,Townhouse,3,2,1658,1,2013,39
1082558,Richmond Hill,Semi-Detached,3,3,1812,1,1997,85
1350018,Brampton,Detached,4,3,2923,2,1988,59
1493090,Pickering,Detached,5,3,3238,3,1966,99
885948,Burlington,Semi-Detached,3,2,2014,1,1994,70
530271,Brampton,Condo,3,1,1268,1,2012,39
697329,Hamilton,Semi-Detached,3,2,2072,2,1978,30
1904250,Toronto-Midtown,Detached,4,2,2750,2,1969,51
613077,Brampton,Semi-Detached,2,3,1675,1,2003,75
674200,Vaughan,Townhouse,3,2,1692,1,1998,47
899729,Toronto-Downtown,Townhouse,3,2,1700,1,1977,83
1041473,Richmond Hill,Semi-Detached,4,1,2327,1,1987,65
847117,Oakville,Townhouse,3,2,1837,1,2019,81
487437,Vaughan,Condo,2,2,956,1,1993,28
509722,Richmond Hill,Condo,2,1,1067,1,1974,82
822400,Vaughan,Semi-Detached,3,2,1839,1,1977,96
775377,Ajax,Semi-Detached,3,2,2126,1,1975,74
872929,Vaughan,Townhouse,3,2,1831,1,1996,25
534260,Mississauga,Condo,2,1,994,1,1967,44
1119191,Burlington,Detached,3,4,2252,2,2004,99
1081656,Richmond Hill,Townhouse,4,3,1871,1,1991,29
595460,Mississauga,Townhouse,2,2,1430,1,2011,60
2152568,Oakville,Detached,4,3,2887,1,2009,68
575668,Brampton,Townhouse,3,2,1824,1,1983,77
1753889,Markham,Detached,5,4,3127,2,2018,32
559869,Vaughan,Condo,2,2,915,1,2022,36
523445,Vaughan,Condo,2,1,993,1,1989,40
502118,Vaughan,Condo,2,1,1079,1,1982,71
590757,Toronto-Downtown,Condo,2,2,900,1,1975,28
298025,Hamilton,Condo,2,2,1035,0,1960,61
981769,Mississauga,Semi-Detached,3,2,2020,2,2015,25
1882064,Richmond Hill,Detached,4,3,2998,2,1994,30
490143,Markham,Condo,2,1,1003,1,1976,25
752879,Mississauga,Townhouse,3,3,1718,1,1981,68
711919,Burlington,Townhouse,4,2,1831,1,2019,77
502075,Hamilton,Semi-Detached,2,2,1833,1,1999,82
486520,Hamilton,Townhouse,4,2,1965,1,1975,75
503294,Hamilton,Semi-Detached,2,3,1574,2,1983,92
535282,Pickering,Townhouse,3,2,1666,1,1986,99
977260,Toronto-Downtown,Semi-Detached,3,3,1843,1,1990,69
693921,Brampton,Townhouse,4,2,1982,1,1961,49
1542208,Mississauga,Detached,4,4,2615,1,1992,57
907332,Pickering,Detached,3,3,2224,1,1964,89
1086653,Toronto-Downtown,Semi-Detached,3,2,1890,2,1981,42
670753,Mississauga,Townhouse,3,2,1840,1,2023,24
318096,Pickering,Condo,1,1,836,1,1968,78
613250,Toronto-Midtown,Condo,2,1,910,1,1985,96
771257,Burlington,Townhouse,3,3,1781,1,1998,77
984509,Oakville,Townhouse,3,2,1651,1,1981,59
1246374,Oakville,Semi-Detached,3,1,1981,2,1981,57
423832,Mississauga,Condo,2,1,916,1,1976,57
753316,Toronto-Downtown,Townhouse,3,3,1709,1,1974,73
452288,Burlington,Condo,2,1,1062,0,2017,68
527714,Vaughan,Condo,2,2,919,0,2009,37
436966,Brampton,Condo,3,2,1284,1,1978,82
863935,Burlington,Semi-Detached,3,1,1899,1,2003,43
968613,Toronto-Downtown,Semi-Detached,3,1,2087,2,2023,33
1072313,Oakville,Townhouse,3,2,1639,1,2021,23
631942,Pickering,Townhouse,3,3,1602,1,2002,50
759713,Ajax,Semi-Detached,3,3,1902,1,1994,49
1193883,Pickering,Detached,4,3,2720,2,2021,64
484846,Vaughan,Condo,1,1,757,1,1991,37
1705779,Markham,Detached,4,2,2711,2,2022,86
823202,Pickering,Semi-Detached,4,2,2386,2,1981,89
1384190,Mississauga,Detached,3,2,2446,2,1962,28
447196,Hamilton,Townhouse,3,2,1712,1,1969,66
1134396,Oakville,Semi-Detached,3,3,2080,1,2007,44
997413,Pickering,Detached,4,3,2593,1,1973,67
1777443,Toronto-Midtown,Detached,3,2,2604,3,1976,83
844578,Toronto-Midtown,Townhouse,2,3,1474,1,1994,78
600376,Pickering,Townhouse,2,3,1574,1,2019,96
684968,Brampton,Semi-Detached,2,1,1832,1,2022,65
791135,Markham,Townhouse,3,3,1616,1,1995,27
1646199,Oakville,Detached,3,3,2548,2,1982,35
667764,Pickering,Semi-Detached,2,2,1842,2,2006,65
661021,Brampton,Semi-Detached,3,1,1964,2,1979,44
1135954,Richmond Hill,Semi-Detached,3,2,2071,1,1989,64
882120,Mississauga,Semi-Detached,4,1,2270,1,2006,55
672405,Ajax,Semi-Detached,2,2,1665,1,1968,51
1032411,Brampton,Detached,4,2,2625,2,1963,63
703247,Toronto-Midtown,Condo,3,1,1284,0,1990,54
429030,Ajax,Condo,3,1,1330,1,1969,21
1201181,Toronto-Midtown,Townhouse,3,2,1615,1,2002,20
713657,Burlington,Semi-Detached,2,2,1855,1,1970,84
277411,Hamilton,Condo,2,1,923,1,1970,59
1426950,Toronto-Midtown,Semi-Detached,4,1,2244,1,1961,68
861558,Toronto-Midtown,Townhouse,2,2,1427,1,2019,61
559461,Markham,Condo,2,2,941,0,2004,41
575530,Ajax,Townhouse,3,2,1679,1,1961,31
580842,Markham,Condo,2,1,995,1,1998,79
812139,Toronto-Midtown,Condo,2,2,1054,1,1961,48
323962,Hamilton,Condo,2,1,923,1,1996,37
1938544,Markham,Detached,5,4,2949,1,1995,41
644288,Brampton,Townhouse,3,2,1763,1,1982,35
497314,Burlington,Condo,2,1,1097,1,1982,33
1272575,Vaughan,Detached,3,2,2368,2,1964,46
758732,Brampton,Semi-Detached,4,2,2384,2,1994,36
586003,Hamilton,Semi-Detached,2,1,1837,2,1994,24
374550,Ajax,Condo,1,1,671,1,1986,91
567432,Vaughan,Condo,2,1,974,1,1970,48
1565334,Richmond Hill,Detached,3,4,2650,3,2006,20
1515551,Toronto-Downtown,Detached,4,3,2528,2,2019,54
1204704,Oakville,Semi-Detached,2,2,1825,2,2013,38
945310,Richmond Hill,Semi-Detached,3,1,1987,2,2006,72
809102,Richmond Hill,Semi-Detached,2,1,1847,1,1982,62
274759,Hamilton,Condo,1,1,688,1,2014,97
1297168,Burlington,Detached,3,4,2297,2,2005,61
350637,Hamilton,Condo,3,1,1201,1,1970,80
486758,Brampton,Condo,2,2,1039,1,2005,72
850274,Markham,Townhouse,2,3,1517,1,1963,94
948264,Toronto-Downtown,Semi-Detached,3,2,2014,2,2002,76
292547,Pickering,Condo,1,1,813,0,1987,36
743295,Mississauga,Townhouse,2,3,1572,1,2010,66
1140364,Oakville,Townhouse,3,2,1663,2,1981,60
1030177,Pickering,Detached,3,3,2505,2,1960,72
749391,Hamilton,Detached,3,3,2417,2,2009,92
796239,Mississauga,Townhouse,3,3,1777,1,1991,97
1036949,Ajax,Detached,3,4,2554,1,1963,56
982738,Toronto-Downtown,Semi-Detached,4,2,2088,1,1981,94
1359413,Toronto-Midtown,Townhouse,4,2,1889,1,1960,77
703869,Pickering,Semi-Detached,3,2,1843,1,1996,37
2035287,Oakville,Detached,4,3,2728,2,1998,28
502250,Richmond Hill,Condo,1,1,839,1,1998,63
1996149,Richmond Hill,Detached,4,4,2735,2,2003,78
858029,Pickering,Semi-Detached,4,2,2147,2,2003,25
359784,Pickering,Condo,2,1,1043,1,1991,70
544116,Vaughan,Condo,2,1,1059,1,2012,78
627814,Pickering,Semi-Detached,3,1,1922,1,1987,48
1460484,Mississauga,Detached,4,4,2848,2,2014,66
735671,Brampton,Semi-Detached,2,1,1892,1,1968,79
784482,Oakville,Condo,3,2,1318,1,2003,20
659645,Pickering,Semi-Detached,3,2,2105,1,1985,97
533771,Ajax,Townhouse,3,3,1838,1,2021,32
1246515,Burlington,Detached,3,3,2518,2,1986,51
508875,Ajax,Townhouse,3,2,1667,1,1962,45
1363284,Markham,Detached,4,2,2593,2,1979,85
596230,Pickering,Semi-Detached,2,2,1625,1,2016,74
958057,Burlington,Semi-Detached,4,1,2287,2,1983,84
996586,Mississauga,Semi-Detached,4,1,2324,1,1987,79
542754,Burlington,Condo,3,2,1275,0,1993,59
571510,Richmond Hill,Condo,2,1,1049,0,2019,64
942106,Markham,Townhouse,3,2,1625,2,1960,25
899736,Vaughan,Semi-Detached,3,2,1957,2,1974,40
613724,Ajax,Semi-Detached,3,2,1887,2,2001,26
1047133,Toronto-Midtown,Townhouse,3,2,1736,1,1980,59
1015567,Toronto-Downtown,Semi-Detached,3,3,1891,1,1984,77
640899,Toronto-Midtown,Condo,2,1,937,0,1961,59
819937,Mississauga,Semi-Detached,3,1,1818,1,2020,54
900102,Toronto-Downtown,Townhouse,3,2,1725,1,1993,38
799305,Vaughan,Semi-Detached,3,1,2128,1,1993,99
505552,Hamilton,Townhouse,3,2,1724,1,1965,67
783584,Burlington,Semi-Detached,4,2,2293,1,2020,92
747819,Brampton,Semi-Detached,4,2,2203,2,1994,71
1398829,Oakville,Semi-Detached,3,3,1910,1,2001,93
489098,Ajax,Townhouse,3,2,1608,1,1996,61
636439,Brampton,Townhouse,3,2,1847,1,2013,75
612909,Hamilton,Semi-Detached,3,3,2140,2,2010,88
876198,Vaughan,Semi-Detached,3,3,2035,1,1984,32
719006,Pickering,Semi-Detached,3,2,1994,1,2013,83
1320434,Oakville,Semi-Detached,3,1,2117,2,1963,34
717812,Ajax,Townhouse,4,3,1976,1,1989,68
596164,Ajax,Townhouse,3,2,1671,1,1978,61
1040147,Toronto-Downtown,Semi-Detached,4,3,2059,2,1983,37
1342819,Vaughan,Detached,4,2,2836,2,2022,47
966301,Mississauga,Semi-Detached,4,1,2139,1,1998,78
1275696,Markham,Semi-Detached,4,2,2108,2,1988,82
698131,Markham,Townhouse,3,2,1730,1,1986,20
809328,Burlington,Townhouse,4,2,1840,2,1992,69
454029,Brampton,Condo,2,1,1075,1,2011,66
832204,Mississauga,Townhouse,3,3,1660,1,1983,42
2183444,Toronto-Midtown,Detached,4,2,2578,3,1995,27
1640924,Mississauga,Detached,5,2,3271,3,2023,32
1357571,Toronto-Downtown,Detached,4,2,2876,1,1966,50
1012003,Ajax,Detached,3,2,2585,1,2015,80
1607982,Oakville,Detached,3,4,2321,2,1975,77
1974884,Vaughan,Detached,5,3,3149,2,1964,88
701908,Brampton,Townhouse,3,2,1831,1,1961,28
597027,Burlington,Townhouse,3,2,1761,1,2005,37
412673,Vaughan,Condo,1,1,781,1,2002,78
805651,Toronto-Downtown,Townhouse,3,3,1787,2,1982,75
480829,Toronto-Downtown,Condo,1,1,762,1,2001,98
1361350,Toronto-Midtown,Semi-Detached,3,1,2113,1,1977,26
1616258,Markham,Detached,3,3,2693,2,1988,40
1428766,Pickering,Detached,5,2,3097,2,2023,39
868174,Markham,Semi-Detached,2,2,1790,1,1966,82
776795,Ajax,Semi-Detached,3,2,1821,2,2010,60
1236010,Pickering,Detached,5,2,3201,2,1973,98
1645611,Markham,Detached,4,2,2556,1,2020,20
442803,Brampton,Condo,2,1,1078,1,1975,80
980151,Richmond Hill,Townhouse,3,2,1699,2,2016,78
908532,Vaughan,Semi-Detached,2,1,1884,2,1973,97
836127,Vaughan,Townhouse,3,2,1724,1,1981,51
556743,Ajax,Townhouse,3,2,1657,1,2004,42
1084130,Vaughan,Detached,3,2,2226,2,2004,74
489076,Burlington,Condo,2,1,1021,0,2014,99
693953,Pickering,Semi-Detached,3,1,1833,1,1966,22
602209,Pickering,Townhouse,3,3,1704,1,1991,25
1239792,Vaughan,Detached,3,3,2427,2,1992,93
916356,Mississauga,Semi-Detached,3,2,2003,1,1974,81
654209,Burlington,Townhouse,3,2,1841,1,2009,90
689958,Ajax,Semi-Detached,3,1,2002,1,2002,57
414948,Ajax,Condo,2,1,996,0,1961,81
477969,Markham,Condo,2,1,949,1,1970,40
1201543,Toronto-Midtown,Semi-Detached,3,1,2073,2,2004,36
1144856,Ajax,Detached,4,2,2837,2,2006,28
868270,Burlington,Semi-Detached,3,3,2145,2,1985,65
330476,Hamilton,Condo,2,1,1093,1,2003,52
323361,Hamilton,Condo,2,2,948,1,2011,26
563668,Brampton,Townhouse,2,3,1528,1,1975,35
639389,Pickering,Townhouse,3,2,1743,1,1973,62
1100970,Pickering,Detached,4,3,2620,2,2011,87
789063,Pickering,Semi-Detached,3,3,1848,2,1972,97
1348321,Markham,Detached,4,2,2911,2,2001,92
831697,Vaughan,Semi-Detached,3,2,2103,1,2018,65
910037,Mississauga,Semi-Detached,4,2,2149,1,2003,25
1124272,Brampton,Detached,3,4,2445,2,1966,67
1480481,Mississauga,Detached,3,4,2556,2,1970,34
1273995,Mississauga,Detached,4,3,2508,2,1976,45
1080247,Oakville,Townhouse,3,2,1671,2,2014,33
1240306,Vaughan,Detached,4,2,2618,2,2017,36
883933,Toronto-Downtown,Semi-Detached,3,2,2067,1,1993,23
550427,Toronto-Midtown,Condo,1,1,723,1,2010,30
710347,Ajax,Semi-Detached,3,2,2049,1,1969,27
451281,Brampton,Condo,2,1,1081,1,2003,69
939780,Vaughan,Townhouse,4,2,1928,1,2020,63
1023427,Richmond Hill,Townhouse,4,2,1933,1,1983,70
671366,Pickering,Townhouse,4,2,1884,1,1992,78
983376,Toronto-Midtown,Townhouse,3,2,1803,1,2005,71
585262,Pickering,Townhouse,4,2,1822,1,2021,50
739053,Vaughan,Townhouse,4,2,1974,1,1994,70
782814,Toronto-Midtown,Condo,2,1,987,1,2012,29
958418,Vaughan,Townhouse,4,3,2017,2,1999,87
634108,Pickering,Semi-Detached,3,1,2078,1,1971,43
617436,Toronto-Midtown,Condo,1,1,761,1,1972,48
1133545,Mississauga,Detached,4,2,2754,1,1987,96
1997225,Oakville,Detached,4,2,2890,3,1975,42
1492983,Markham,Detached,4,3,2984,2,2011,96
390024,Ajax,Condo,2,2,1026,1,1994,34
353671,Brampton,Condo,2,1,1007,1,1988,59
1020534,Vaughan,Semi-Detached,3,2,1867,2,2001,44
496613,Hamilton,Townhouse,3,2,1696,1,2013,73
521729,Hamilton,Townhouse,2,3,1625,1,2007,77
1426595,Burlington,Detached,4,3,2570,2,2023,70
768447,Pickering,Semi-Detached,4,2,2310,1,1969,31
937238,Richmond Hill,Townhouse,4,2,1835,2,1995,86
424291,Ajax,Condo,3,2,1212,1,1973,23
662971,Ajax,Semi-Detached,3,2,1969,2,1993,20
798479,Vaughan,Townhouse,3,2,1690,2,2013,58
409294,Pickering,Condo,2,2,1031,1,1966,21
863373,Toronto-Downtown,Townhouse,2,3,1638,1,2010,62
1539353,Toronto-Midtown,Semi-Detached,4,2,2129,1,1986,87
1313498,Hamilton,Detached,5,3,3141,3,2019,68
564990,Hamilton,Semi-Detached,2,2,1593,1,2012,98
844174,Vaughan,Townhouse,3,2,1744,1,1989,64
1703973,Toronto-Midtown,Detached,3,2,2507,3,2016,63
1051999,Oakville,Townhouse,3,3,1654,2,1972,88
866544,Pickering,Detached,3,2,2327,1,1987,97
1437945,Oakville,Detached,3,2,2268,1,2011,80
1616342,Markham,Detached,4,2,2805,1,1992,81
559717,Burlington,Condo,3,1,1244,1,2017,40
523538,Hamilton,Semi-Detached,2,3,1731,2,1980,37
533081,Richmond Hill,Condo,1,1,842,1,1994,59
400424,Mississauga,Condo,2,1,954,0,1993,75
935735,Vaughan,Townhouse,4,2,2004,1,2020,85
886792,Mississauga,Semi-Detached,3,2,1841,2,1976,46
1265227,Toronto-Midtown,Semi-Detached,3,2,2124,2,2018,90
1020001,Toronto-Downtown,Semi-Detached,3,1,1996,1,1988,92
554459,Brampton,Semi-Detached,2,1,1606,1,1989,94
747439,Mississauga,Semi-Detached,3,2,2051,1,2019,54
1173155,Richmond Hill,Semi-Detached,3,3,2120,1,1969,66
782458,Burlington,Semi-Detached,2,1,1891,1,1986,37
913470,Burlington,Semi-Detached,4,1,2121,1,1966,55
1233636,Toronto-Midtown,Townhouse,3,2,1800,1,1994,24
1081826,Hamilton,Detached,5,4,3208,3,1973,41
694305,Vaughan,Townhouse,3,2,1667,2,1966,76
950821,Hamilton,Detached,4,2,2857,2,1961,93
1020660,Hamilton,Detached,4,3,2796,2,2014,53
1817455,Richmond Hill,Detached,4,3,2881,2,1965,69
1864730,Oakville,Detached,4,4,2841,3,1971,67
936265,Toronto-Downtown,Semi-Detached,3,3,1937,1,1965,88
379899,Pickering,Condo,1,1,673,1,1994,22
416779,Brampton,Condo,2,2,934,0,1999,96
1197083,Brampton,Detached,5,2,3072,1,1976,21
377044,Ajax,Condo,2,1,1070,1,2002,74
1158287,Mississauga,Semi-Detached,4,3,2118,1,2000,76
663827,Oakville,Condo,2,2,996,1,2023,64
887896,Mississauga,Semi-Detached,3,2,2126,1,2011,53
577933,Mississauga,Townhouse,2,2,1636,1,1991,39
1011127,Ajax,Detached,3,3,2398,2,1965,42
1376416,Burlington,Detached,4,4,2713,2,2008,91
653700,Oakville,Condo,2,1,1032,0,2012,56
888038,Mississauga,Semi-Detached,3,1,1922,1,1992,35
1479920,Richmond Hill,Detached,3,4,2549,2,1964,72
417636,Vaughan,Condo,2,1,993,0,2023,26
748155,Pickering,Semi-Detached,3,2,2025,2,2007,38
578578,Ajax,Townhouse,3,2,1778,1,2015,83
623602,Brampton,Semi-Detached,2,2,1570,1,1961,55
744229,Burlington,Semi-Detached,3,2,1898,1,1960,44
1411389,Burlington,Detached,4,2,2885,3,2023,93
606309,Oakville,Condo,2,1,1088,1,1995,68
951034,Richmond Hill,Townhouse,3,2,1837,2,1985,45
390746,Markham,Condo,1,1,650,0,2006,32
810344,Markham,Townhouse,3,2,1781,1,2021,65
618896,Ajax,Semi-Detached,3,2,1998,1,2010,82
930819,Oakville,Townhouse,3,2,1645,1,2007,28
1077123,Pickering,Detached,4,2,2583,1,1966,42
565467,Ajax,Townhouse,2,2,1575,1,1992,92
873523,Ajax,Semi-Detached,4,3,2078,2,1987,91
514787,Vaughan,Condo,2,1,1063,0,1961,44
328218,Ajax,Condo,2,1,1069,0,1962,25
1018125,Pickering,Detached,4,2,2581,3,1996,39
659628,Vaughan,Townhouse,3,2,1808,1,2004,22
872460,Vaughan,Semi-Detached,3,2,2100,2,2022,93
688840,Mississauga,Townhouse,3,3,1615,1,1974,35
1334136,Ajax,Detached,4,3,2614,3,1972,29
1449377,Burlington,Detached,5,4,2977,2,1962,95
568628,Vaughan,Condo,3,1,1228,0,1991,23
1089958,Brampton,Detached,4,2,2832,2,2007,49
657508,Richmond Hill,Townhouse,2,2,1457,1,2010,41
1056472,Markham,Semi-Detached,4,3,2213,1,1977,69
978704,Ajax,Detached,4,3,2883,1,1988,73
378205,Pickering,Condo,2,1,972,1,1961,67
445356,Burlington,Condo,3,1,1328,1,1978,35
668381,Brampton,Townhouse,3,2,1611,1,2001,51
668945,Pickering,Semi-Detached,2,3,1686,1,1977,28
437646,Ajax,Condo,2,2,1042,1,1974,23
2333741,Toronto-Midtown,Detached,3,4,2407,3,2009,81
592182,Pickering,Townhouse,2,2,1585,1,1984,76
408748,Richmond Hill,Condo,1,1,741,0,1993,24
667423,Richmond Hill,Condo,3,2,1181,1,2009,95
1349852,Mississauga,Detached,4,2,2909,2,1963,44
464954,Mississauga,Condo,3,1,1286,0,2003,83
577173,Hamilton,Semi-Detached,4,2,2159,1,1969,75
820846,Burlington,Semi-Detached,3,2,1870,1,1962,32
1536324,Mississauga,Detached,4,4,2697,2,2001,95
843844,Toronto-Downtown,Townhouse,3,2,1817,1,2011,65
842412,Hamilton,Detached,3,3,2690,2,1967,76
715310,Ajax,Semi-Detached,4,3,2310,1,1978,46
866405,Markham,Townhouse,3,2,1727,1,2019,60
1081198,Toronto-Downtown,Semi-Detached,4,1,2065,2,1971,91
2217377,Oakville,Detached,4,4,2781,2,1987,52
676839,Burlington,Semi-Detached,2,2,1666,1,1998,52
701584,Pickering,Townhouse,3,2,1712,2,2001,37
483993,Burlington,Condo,2,1,1089,0,1981,25
786242,Pickering,Semi-Detached,4,2,2100,1,2009,32
520866,Oakville,Condo,1,1,658,0,1972,70
1131949,Pickering,Detached,3,2,2689,3,2007,83
859952,Toronto-Downtown,Semi-Detached,2,3,1682,2,1963,88
796810,Toronto-Downtown,Semi-Detached,2,2,1561,1,2004,99
952130,Markham,Semi-Detached,3,3,2113,1,2013,34
606760,Hamilton,Semi-Detached,3,1,2129,1,2010,21
1036450,Markham,Semi-Detached,4,3,2281,1,1973,44
470978,Toronto-Downtown,Condo,2,1,1036,1,1960,40
1304836,Burlington,Detached,3,3,2243,2,2022,59
702318,Pickering,Townhouse,3,3,1793,1,1989,88
448191,Ajax,Condo,3,1,1343,1,1989,65
1367499,Oakville,Semi-Detached,4,1,2392,1,1986,21
608506,Vaughan,Condo,3,1,1322,1,2020,57
972001,Brampton,Detached,3,3,2225,2,1992,20
543846,Mississauga,Condo,3,1,1302,0,1989,24
2165835,Toronto-Midtown,Detached,3,2,2637,3,1990,88
886303,Markham,Townhouse,3,2,1777,1,2011,95
972176,Pickering,Semi-Detached,4,3,2303,1,1968,69
640680,Hamilton,Semi-Detached,4,2,2368,1,1969,43
674203,Toronto-Midtown,Condo,2,1,1096,0,2023,48
417424,Vaughan,Condo,1,1,802,0,2002,77
1352928,Brampton,Detached,5,3,2876,3,1992,37
478686,Ajax,Condo,3,2,1168,0,1996,53
372597,Brampton,Condo,1,1,734,0,2020,99
887695,Vaughan,Townhouse,4,2,1811,1,2002,36
1167050,Ajax,Detached,4,3,2565,1,1997,22
1173268,Brampton,Detached,3,3,2300,2,1974,45
1048688,Ajax,Detached,4,2,2754,2,1990,48
612298,Pickering,Townhouse,2,2,1585,1,2013,44
615171,Burlington,Townhouse,2,2,1436,1,2023,91
1099630,Brampton,Detached,4,2,2552,1,1970,50
792940,Toronto-Downtown,Townhouse,3,3,1746,1,1996,56
1155831,Toronto-Midtown,Semi-Detached,2,1,1820,1,1997,42
1444706,Burlington,Detached,4,3,2693,1,1996,37
1441513,Vaughan,Detached,4,3,2982,3,2003,95
486731,Mississauga,Condo,2,1,974,0,2002,34
867644,Mississauga,Townhouse,4,2,2035,1,1964,23
825675,Hamilton,Detached,4,2,2918,1,1992,91
408741,Mississauga,Condo,1,1,655,1,1995,31
2430786,Toronto-Midtown,Detached,4,3,2979,1,2003,49
698889,Toronto-Downtown,Townhouse,3,2,1605,1,2015,43
1622150,Richmond Hill,Detached,5,2,3013,1,2003,95
571457,Ajax,Semi-Detached,2,2,1711,1,2011,61
669194,Hamilton,Semi-Detached,3,2,2079,1,2012,91
832458,Brampton,Semi-Detached,4,1,2335,1,1985,76
1763223,Oakville,Detached,4,3,2922,2,1973,72
2372730,Toronto-Midtown,Detached,5,3,2911,2,1964,86
645471,Hamilton,Semi-Detached,3,3,1882,1,1962,26
466349,Vaughan,Condo,1,1,796,1,1977,60
374607,Pickering,Condo,2,1,1046,1,1986,93
652366,Brampton,Semi-Detached,2,3,1672,2,1969,49
1006684,Richmond Hill,Semi-Detached,2,2,1807,1,2018,59
362263,Hamilton,Condo,3,1,1260,0,1993,74
556277,Markham,Condo,2,1,905,0,1978,46
989431,Toronto-Downtown,Semi-Detached,3,2,2087,2,2016,61
705521,Toronto-Midtown,Condo,1,1,848,1,2009,44
823770,Mississauga,Townhouse,3,3,1825,1,1967,58
788072,Burlington,Semi-Detached,4,2,2359,1,1993,98
584337,Hamilton,Semi-Detached,3,2,2107,2,1992,79
535202,Toronto-Downtown,Condo,2,1,1096,0,2016,32
752430,Toronto-Downtown,Townhouse,3,2,1609,1,1970,31
348891,Pickering,Condo,1,1,839,1,1985,97
725588,Vaughan,Townhouse,2,2,1531,2,1994,96
748478,Brampton,Semi-Detached,3,3,2107,1,1970,75
1351386,Toronto-Downtown,Detached,4,2,2895,1,1998,81
620342,Pickering,Townhouse,4,3,1876,1,1983,63
1727828,Toronto-Downtown,Detached,4,3,2783,3,1999,98
1034569,Toronto-Downtown,Townhouse,4,2,1822,2,1986,44
540983,Vaughan,Condo,2,2,1021,1,1987,62
664102,Ajax,Semi-Detached,3,2,1866,2,2014,27
813787,Toronto-Downtown,Townhouse,3,2,1641,1,1986,27
874397,Vaughan,Townhouse,4,2,1922,1,1975,36
773602,Mississauga,Townhouse,3,2,1780,1,1990,63
421255,Hamilton,Townhouse,2,2,1566,1,1984,37
1775762,Richmond Hill,Detached,5,2,3025,2,2021,88
1145847,Toronto-Midtown,Townhouse,3,2,1689,1,1969,75
455101,Ajax,Townhouse,2,2,1547,1,2018,99
1622754,Richmond Hill,Detached,4,2,2775,1,2009,53
1086771,Burlington,Detached,4,2,2553,2,2017,81
1243037,Vaughan,Detached,4,2,2688,2,1993,63
1170316,Hamilton,Detached,5,2,3139,2,1986,78
480149,Burlington,Condo,2,1,1037,1,2000,81
1153860,Toronto-Midtown,Townhouse,3,2,1781,1,1962,72
635149,Mississauga,Townhouse,2,2,1599,1,2002,58
495095,Toronto-Downtown,Condo,2,1,1009,0,1980,56
576487,Brampton,Townhouse,3,2,1833,1,1992,90
550297,Pickering,Townhouse,2,2,1590,1,1972,42
1727262,Mississauga,Detached,5,2,3152,3,1990,81
1509645,Toronto-Midtown,Semi-Detached,4,1,2245,1,1975,58
755307,Oakville,Condo,2,2,1098,1,1961,60
713989,Burlington,Townhouse,3,2,1848,1,1988,85
669915,Mississauga,Townhouse,2,3,1564,1,1968,44
862679,Toronto-Downtown,Semi-Detached,3,1,1809,1,1972,84
940592,Brampton,Semi-Detached,4,2,2142,1,1976,44
1231835,Toronto-Midtown,Semi-Detached,3,1,1805,1,1996,45
878857,Vaughan,Semi-Detached,2,1,1777,1,2005,35
986501,Markham,Townhouse,3,3,1730,2,1974,93
1994138,Toronto-Midtown,Detached,4,3,2788,2,2016,97
1135745,Markham,Semi-Detached,3,3,1893,1,1971,47
351963,Hamilton,Condo,3,1,1234,1,1970,76
1114131,Ajax,Detached,3,2,2653,3,2014,42
1336211,Burlington,Detached,4,2,2820,1,1983,44
620529,Pickering,Townhouse,3,2,1797,1,2019,65
1368057,Brampton,Detached,5,3,2969,2,1995,71
547335,Toronto-Downtown,Condo,2,1,1051,1,2020,29
876405,Hamilton,Detached,4,3,2914,2,1970,34
634454,Brampton,Townhouse,4,2,1849,1,1977,21
864498,Markham,Townhouse,3,2,1765,1,1960,53
644690,Markham,Condo,3,1,1210,1,2022,31
832052,Richmond Hill,Townhouse,2,2,1496,1,1970,43
604922,Hamilton,Semi-Detached,3,2,2004,1,1975,57
447143,Toronto-Downtown,Condo,2,1,928,1,1998,61
316751,Hamilton,Condo,2,1,1086,1,2001,51
572812,Pickering,Townhouse,3,2,1721,1,2015,90
714188,Brampton,Semi-Detached,3,2,1848,2,1978,59
345954,Brampton,Condo,1,1,755,1,1978,67
875166,Vaughan,Townhouse,3,3,1636,2,2020,83
1173676,Pickering,Detached,4,2,2660,3,2019,93
790863,Markham,Townhouse,2,2,1488,1,1983,85
1672774,Toronto-Downtown,Detached,3,3,2686,2,1980,28
667552,Hamilton,Semi-Detached,4,2,2154,1,1982,90
999529,Markham,Semi-Detached,4,1,2211,2,2008,70
1054008,Hamilton,Detached,3,4,2261,3,1995,98
1276058,Markham,Detached,3,3,2395,2,1975,70
1447724,Markham,Detached,4,3,2837,2,1960,58
732588,Oakville,Condo,2,1,1047,1,2019,67
1461924,Toronto-Downtown,Detached,4,2,2839,2,1975,34
793346,Toronto-Downtown,Townhouse,4,2,1906,1,1973,30
1062020,Hamilton,Detached,4,3,2819,2,1969,27
686073,Oakville,Condo,2,2,929,0,2007,92
647982,Toronto-Midtown,Condo,1,1,771,1,1982,95
1248054,Pickering,Detached,5,4,3125,2,1991,35
322418,Hamilton,Condo,2,2,1040,1,1969,65
2057940,Oakville,Detached,4,2,2638,1,1980,76
2056207,Toronto-Midtown,Detached,4,3,2865,1,1963,80
2144235,Richmond Hill,Detached,5,3,3158,3,2008,89
647179,Burlington,Townhouse,3,3,1727,1,1984,38
1069130,Pickering,Detached,4,2,2512,2,1968,47
382647,Mississauga,Condo,1,1,831,1,2007,85
817276,Richmond Hill,Townhouse,3,3,1764,1,2014,23
1767496,Mississauga,Detached,5,4,2837,1,1994,85
434399,Burlington,Condo,2,1,919,1,2013,50
568050,Pickering,Townhouse,2,2,1557,1,1967,27
1111281,Mississauga,Semi-Detached,4,2,2277,2,2021,40
242817,Hamilton,Condo,1,1,702,0,1967,23
625802,Burlington,Townhouse,3,2,1771,2,2011,87
456078,Burlington,Condo,2,1,972,1,1997,96
633799,Vaughan,Townhouse,2,2,1512,1,2012,85
1083507,Pickering,Detached,4,4,2724,2,1974,52
758802,Toronto-Downtown,Townhouse,2,2,1446,1,1991,62
719157,Markham,Townhouse,2,3,1415,1,2008,82
492484,Burlington,Condo,2,1,1086,1,1987,42
546439,Toronto-Downtown,Condo,2,1,945,1,2016,63
476100,Burlington,Condo,2,2,1081,0,1981,39
783304,Toronto-Downtown,Townhouse,3,2,1656,1,1984,27
881931,Richmond Hill,Townhouse,4,3,1992,1,1973,55
1272760,Toronto-Midtown,Semi-Detached,3,3,1848,2,2016,46
444532,Burlington,Condo,2,1,1019,1,1996,95
379754,Brampton,Condo,1,1,816,1,2018,35
341080,Ajax,Condo,1,1,701,0,1977,82
488507,Mississauga,Condo,2,1,1070,1,1983,55
899896,Mississauga,Townhouse,4,2,2032,1,2021,37
487713,Hamilton,Townhouse,3,2,1611,1,1968,69
744126,Ajax,Semi-Detached,4,1,2306,1,1964,24
721039,Ajax,Semi-Detached,3,1,1893,1,1973,20
1276579,Pickering,Detached,4,2,2930,2,1983,74
610001,Mississauga,Townhouse,3,2,1698,1,1982,87
2101862,Oakville,Detached,5,2,2862,2,1976,83
721028,Brampton,Semi-Detached,3,1,1951,1,1981,34
404436,Pickering,Condo,3,1,1277,1,2003,29
1931007,Oakville,Detached,5,3,3030,3,2012,97
583303,Hamilton,Semi-Detached,3,1,1830,1,1969,58
814107,Hamilton,Detached,3,2,2498,1,2015,95
711920,Brampton,Semi-Detached,2,2,1641,1,1999,63
796553,Richmond Hill,Townhouse,3,2,1760,1,2021,90
2334334,Toronto-Midtown,Detached,4,3,2906,2,2016,28
396972,Vaughan,Condo,1,1,670,1,1991,54
840903,Markham,Townhouse,3,2,1696,1,1987,83
913595,Mississauga,Semi-Detached,3,2,1872,1,1985,70
506491,Ajax,Townhouse,2,3,1597,1,2020,32
699631,Burlington,Townhouse,3,3,1721,1,1987,48
837667,Toronto-Downtown,Townhouse,3,3,1692,1,1962,21
398031,Ajax,Condo,2,1,998,0,1960,80
819961,Vaughan,Semi-Detached,3,1,2106,1,1978,75
694575,Pickering,Semi-Detached,3,1,1968,1,1990,90
895501,Mississauga,Semi-Detached,3,3,1822,1,1997,60
771241,Brampton,Semi-Detached,3,2,2043,1,1974,32
728261,Burlington,Townhouse,3,3,1623,2,2008,65
1491064,Markham,Detached,4,2,2602,1,1990,47
390123,Hamilton,Condo,2,2,1085,1,1973,83
764071,Vaughan,Townhouse,3,2,1829,1,1974,45
912945,Toronto-Downtown,Townhouse,3,2,1834,1,1969,78
870537,Toronto-Downtown,Townhouse,4,3,1820,1,1965,20
1351172,Richmond Hill,Detached,3,4,2669,1,2011,97
326307,Pickering,Condo,1,1,713,0,2009,49
887335,Oakville,Townhouse,3,3,1632,1,2018,52
1573293,Oakville,Semi-Detached,4,3,2097,1,1960,31
882784,Oakville,Townhouse,2,2,1424,1,1962,68
732430,Mississauga,Townhouse,3,3,1672,1,1995,80
454912,Toronto-Downtown,Condo,1,1,780,1,1976,69
1696333,Oakville,Detached,4,3,2638,2,2020,83
801999,Richmond Hill,Townhouse,3,2,1687,2,2021,80
980114,Mississauga,Semi-Detached,4,2,2080,1,1991,51
871309,Ajax,Semi-Detached,4,2,2095,2,1963,71
496952,Vaughan,Condo,2,2,935,1,1976,94
445031,Mississauga,Condo,2,1,1011,1,2008,54
571388,Brampton,Townhouse,3,2,1827,1,1985,41
1439996,Vaughan,Detached,3,2,2627,2,1976,59
576889,Richmond Hill,Condo,2,1,1088,0,2001,91
1216592,Burlington,Detached,4,2,2986,1,1972,38
506118,Vaughan,Condo,2,1,985,1,2009,94
1519679,Toronto-Downtown,Detached,5,2,3183,2,2007,66
286733,Hamilton,Condo,1,1,772,0,1968,69
786553,Toronto-Downtown,Semi-Detached,2,2,1803,1,1995,22
512062,Pickering,Townhouse,2,2,1489,1,1960,40
417819,Mississauga,Condo,2,2,966,0,1969,83
927153,Markham,Semi-Detached,3,2,1915,1,1976,86
747017,Pickering,Semi-Detached,4,2,2178,1,1990,78
304612,Hamilton,Condo,3,1,1178,0,1988,23
1705857,Toronto-Downtown,Detached,4,4,2675,2,1982,87
583342,Oakville,Condo,1,1,690,1,1970,48
900779,Vaughan,Townhouse,4,3,2045,1,1973,76
1649475,Burlington,Detached,5,3,3285,3,1997,58
596704,Toronto-Downtown,Condo,3,1,1229,0,1992,96
1040008,Brampton,Detached,3,3,2276,2,1993,68
671189,Hamilton,Semi-Detached,3,2,2024,2,2015,86
486234,Hamilton,Semi-Detached,2,2,1738,1,1991,75
1256042,Oakville,Semi-Detached,3,3,1924,1,1993,88
419032,Toronto-Downtown,Condo,1,1,675,1,2023,52
1067627,Toronto-Downtown,Townhouse,4,3,2046,2,1977,81
1169671,Brampton,Detached,3,3,2330,2,2001,70
1815105,Markham,Detached,4,3,2980,2,1961,90
1237792,Oakville,Semi-Detached,4,1,2134,2,2001,28
407846,Ajax,Condo,3,2,1169,1,1965,36
277453,Hamilton,Condo,1,1,780,0,2015,83
534610,Markham,Condo,2,1,1054,1,1985,56
369705,Vaughan,Condo,1,1,660,1,1997,79
1600649,Richmond Hill,Detached,4,3,2769,2,2023,81
910444,Brampton,Semi-Detached,4,2,2108,2,1980,41
350128,Ajax,Condo,1,1,694,1,2018,52
888263,Toronto-Downtown,Townhouse,2,3,1586,2,1960,73
877432,Markham,Semi-Detached,3,2,1982,1,2012,52
765522,Toronto-Midtown,Condo,2,1,979,1,1973,72
499786,Ajax,Townhouse,3,2,1651,1,1996,83
386427,Burlington,Condo,1,1,661,0,2016,69
701642,Markham,Townhouse,2,2,1428,1,1976,75
2137948,Toronto-Midtown,Detached,5,3,2822,3,2020,42
1436889,Burlington,Detached,5,4,2840,2,2020,68
618387,Ajax,Townhouse,3,2,1844,2,1967,78
475339,Toronto-Downtown,Condo,1,1,744,1,1966,88
684755,Oakville,Condo,2,1,1046,1,1975,56
1262533,Markham,Semi-Detached,4,2,2059,2,1972,20
917975,Vaughan,Townhouse,4,2,1962,1,1989,94
503144,Burlington,Condo,2,2,1056,0,1978,22
974206,Brampton,Semi-Detached,4,2,2164,2,1992,96
568583,Toronto-Downtown,Condo,2,1,913,1,1978,66
807100,Richmond Hill,Townhouse,3,2,1608,1,2019,65
1378734,Richmond Hill,Detached,3,4,2226,2,2020,96
1551602,Mississauga,Detached,4,2,2915,2,1999,57
922701,Vaughan,Semi-Detached,4,2,2237,1,1967,28
1173632,Pickering,Detached,3,3,2668,2,1967,33
804389,Markham,Townhouse,3,2,1822,1,2000,85
576164,Ajax,Townhouse,3,2,1792,1,1995,57
1589069,Toronto-Downtown,Detached,4,2,2944,2,1975,34
556851,Markham,Condo,2,2,956,1,1981,74
436913,Mississauga,Condo,2,1,1081,1,2007,24
644165,Pickering,Semi-Detached,2,2,1620,2,1969,85
876558,Richmond Hill,Townhouse,3,2,1774,2,1978,65
533899,Richmond Hill,Condo,1,1,796,0,2001,22
622086,Burlington,Townhouse,3,2,1797,1,2021,35
687757,Markham,Condo,3,1,1225,1,1987,49
1072120,Toronto-Midtown,Townhouse,4,2,2030,1,1992,75
1198447,Oakville,Semi-Detached,3,3,2034,1,1976,58
1534615,Vaughan,Detached,4,4,2575,3,2016,87
587150,Ajax,Townhouse,3,2,1731,1,2006,20
575377,Mississauga,Condo,3,2,1275,1,2017,32
938128,Mississauga,Semi-Detached,3,3,2055,2,1966,64
407730,Brampton,Condo,2,1,914,1,1996,85
533153,Pickering,Townhouse,3,2,1834,1,1975,75
325034,Hamilton,Condo,2,2,1013,1,1966,27
843053,Burlington,Semi-Detached,4,3,2243,2,2007,71
854657,Richmond Hill,Townhouse,3,2,1625,1,1987,50
910939,Richmond Hill,Semi-Detached,3,2,1900,1,2000,46
1091603,Vaughan,Semi-Detached,3,2,2083,2,1971,34
1069751,Oakville,Townhouse,3,2,1682,1,2003,84
451355,Mississauga,Condo,1,1,741,1,1997,30
723806,Mississauga,Semi-Detached,2,1,1645,2,2004,90
508788,Hamilton,Semi-Detached,2,1,1600,1,2009,46
1134704,Oakville,Semi-Detached,2,1,1746,1,1974,25
820622,Toronto-Downtown,Semi-Detached,2,2,1756,1,1969,73
354822,Ajax,Condo,1,1,822,1,2014,38
1058296,Toronto-Midtown,Townhouse,2,2,1510,1,2022,99
1472678,Toronto-Midtown,Semi-Detached,4,1,2299,2,1983,58
652218,Brampton,Townhouse,3,2,1820,1,1978,45
1032644,Oakville,Semi-Detached,2,1,1808,2,2020,68
358326,Ajax,Condo,2,2,1081,0,1986,46
822957,Markham,Townhouse,3,3,1790,2,1967,48
1091081,Ajax,Detached,3,2,2201,2,1962,99
796313,Mississauga,Townhouse,3,3,1752,1,1988,36
545656,Pickering,Townhouse,3,2,1647,2,1990,46
722580,Toronto-Midtown,Condo,2,2,1062,1,1967,85
1136340,Richmond Hill,Semi-Detached,3,2,2033,1,1979,93
583737,Ajax,Townhouse,3,2,1683,1,1965,30
883411,Hamilton,Detached,4,3,2972,2,1977,29
636664,Burlington,Townhouse,2,2,1649,1,2019,52
1044060,Oakville,Semi-Detached,3,2,1875,1,1984,76
706701,Hamilton,Semi-Detached,4,2,2375,1,1981,58
695350,Vaughan,Townhouse,3,3,1620,2,2018,26
855401,Toronto-Downtown,Townhouse,3,2,1697,1,1961,82
485386,Vaughan,Condo,1,1,728,1,2016,36
382250,Hamilton,Condo,2,2,935,1,1990,89
735702,Pickering,Townhouse,4,3,2007,1,1985,94
621825,Markham,Condo,3,1,1337,1,2002,95
684940,Ajax,Townhouse,4,3,1937,1,1961,69
567753,Pickering,Townhouse,3,2,1709,1,1998,92
570760,Hamilton,Semi-Detached,2,2,1823,2,1998,87
519965,Ajax,Semi-Detached,2,1,1767,2,1993,28
850446,Hamilton,Detached,4,3,2679,2,1963,28
842888,Richmond Hill,Semi-Detached,3,1,2033,1,2021,24
1183778,Pickering,Detached,4,4,2818,2,2009,23
1215451,Markham,Semi-Detached,4,2,2229,1,1965,62
423460,Burlington,Condo,2,1,1012,1,1998,73
1043714,Vaughan,Semi-Detached,3,2,2120,2,1999,38
763162,Vaughan,Semi-Detached,3,1,1807,1,1983,44
769639,Vaughan,Townhouse,2,2,1516,1,2015,90
506703,Toronto-Downtown,Condo,2,1,930,1,1996,81
430137,Pickering,Condo,2,2,1056,1,1991,25
804120,Burlington,Semi-Detached,4,1,2251,1,2023,20
1168447,Ajax,Detached,5,4,3062,2,2019,31
885165,Toronto-Downtown,Townhouse,3,2,1721,2,2020,77
1598099,Richmond Hill,Detached,3,4,2648,1,2018,98
920012,Richmond Hill,Semi-Detached,3,1,1948,1,2023,51
1338561,Oakville,Semi-Detached,4,1,2135,1,2009,75
1604271,Markham,Detached,4,2,2696,2,1962,82
786976,Mississauga,Townhouse,3,3,1821,1,1992,83
579659,Pickering,Townhouse,3,3,1656,1,2021,50
1452450,Burlington,Detached,5,2,3010,1,1979,67
665926,Ajax,Semi-Detached,2,3,1752,1,1968,67
585581,Pickering,Semi-Detached,2,1,1786,1,1968,26
827579,Mississauga,Semi-Detached,4,2,2174,1,1972,31
2039644,Oakville,Detached,4,3,2587,1,1971,59
1503033,Richmond Hill,Detached,3,2,2305,2,2006,24
300642,Hamilton,Condo,1,1,668,1,1982,61
1330340,Burlington,Detached,4,4,2822,2,2014,77
559297,Hamilton,Semi-Detached,3,1,2079,1,1989,72
885960,Markham,Townhouse,3,3,1838,1,1973,61
795909,Toronto-Midtown,Condo,2,2,916,1,2002,67
241145,Hamilton,Condo,1,1,766,1,1965,91
1622870,Vaughan,Detached,4,4,2670,3,1976,31
1108607,Richmond Hill,Semi-Detached,3,2,1858,1,1984,35
721582,Brampton,Townhouse,3,2,1825,1,1976,33
1475186,Vaughan,Detached,3,3,2678,2,1994,49
1939738,Toronto-Midtown,Detached,3,3,2622,2,2004,31
1634009,Toronto-Downtown,Detached,4,3,2591,2,2010,26
1013300,Richmond Hill,Townhouse,4,3,1808,1,1999,43
670530,Oakville,Condo,2,2,1024,1,2011,25
407883,Vaughan,Condo,1,1,687,1,2003,66
924947,Mississauga,Semi-Detached,4,3,2301,1,2000,22
1066847,Oakville,Townhouse,3,2,1710,1,1999,70
333322,Burlington,Condo,1,1,831,1,1999,51
846754,Markham,Townhouse,3,2,1727,1,1974,81
356285,Burlington,Condo,1,1,838,1,1973,27
835273,Toronto-Downtown,Townhouse,3,3,1776,1,1968,75
1033934,Markham,Semi-Detached,3,2,1896,1,2004,59
1765973,Toronto-Downtown,Detached,5,4,3277,1,2006,99
1090108,Mississauga,Detached,3,2,2471,2,1999,78
1219526,Pickering,Detached,4,3,2802,2,2019,28
823790,Markham,Semi-Detached,3,1,2126,2,2017,95
620452,Brampton,Townhouse,3,3,1844,2,2011,53
662220,Brampton,Townhouse,3,2,1832,2,1990,73
1017790,Pickering,Detached,3,3,2612,1,1983,70
1406363,Toronto-Midtown,Semi-Detached,4,2,2118,1,1980,39
647038,Oakville,Condo,2,1,936,1,2007,27
685528,Ajax,Semi-Detached,4,2,2074,2,2008,62
418348,Ajax,Condo,2,1,960,0,1993,95
872754,Toronto-Downtown,Townhouse,4,2,1887,1,1997,99
686051,Brampton,Semi-Detached,3,2,2039,2,2021,68
1094325,Oakville,Semi-Detached,3,2,1814,1,1982,72
871926,Brampton,Semi-Detached,4,2,2357,1,2001,23
580045,Oakville,Condo,2,1,979,1,2022,21
1198587,Mississauga,Detached,3,3,2537,2,1987,45
1114613,Toronto-Midtown,Semi-Detached,3,1,1848,2,1993,88
850378,Mississauga,Semi-Detached,2,2,1893,2,2018,94
626859,Oakville,Condo,2,1,1030,0,1985,42
607559,Pickering,Townhouse,3,2,1742,1,1969,39
650188,Ajax,Semi-Detached,3,2,2057,1,1967,31
687571,Pickering,Semi-Detached,3,2,2052,2,2016,22
1200350,Mississauga,Detached,3,3,2676,2,1967,38
1007202,Richmond Hill,Semi-Detached,3,3,1965,1,2002,86
1486807,Mississauga,Detached,4,4,2589,3,1996,23
391613,Ajax,Condo,2,1,947,0,1971,40
656372,Burlington,Townhouse,3,2,1677,1,1963,83
773423,Brampton,Semi-Detached,3,3,1993,1,2018,72
789332,Brampton,Semi-Detached,3,2,1965,1,1977,65
617325,Mississauga,Townhouse,3,2,1654,1,1975,50
895194,Pickering,Semi-Detached,4,2,2136,1,1970,67
1406503,Toronto-Downtown,Detached,4,3,2521,1,1993,63
629891,Pickering,Townhouse,3,2,1755,1,1962,90
509493,Hamilton,Townhouse,3,2,1691,1,1997,76
1461619,Toronto-Downtown,Detached,4,4,2691,2,1999,79
2526286,Toronto-Midtown,Detached,5,3,3202,3,2020,56
685668,Ajax,Townhouse,3,3,1630,1,2003,31
423572,Mississauga,Condo,2,1,1087,1,1969,91
549744,Brampton,Townhouse,3,2,1729,1,1980,54
1440466,Vaughan,Detached,4,2,2614,1,1995,86
1236519,Oakville,Semi-Detached,4,2,2221,1,1973,47
1381192,Burlington,Detached,5,2,2919,2,1998,66
1822680,Oakville,Detached,4,4,2909,2,1996,96
2140717,Oakville,Detached,4,4,2978,2,1971,83
1500977,Vaughan,Detached,3,4,2272,2,2022,71
1112918,Brampton,Detached,3,3,2502,2,1994,72
803499,Mississauga,Townhouse,3,3,1759,1,2011,39
1709096,Markham,Detached,4,3,2557,2,1999,25
606925,Hamilton,Semi-Detached,4,2,2137,1,2000,59
1048867,Toronto-Midtown,Townhouse,3,2,1670,2,1992,52
454992,Hamilton,Townhouse,3,2,1759,1,1983,89
760910,Markham,Townhouse,3,2,1679,1,1965,72
629010,Mississauga,Townhouse,3,2,1617,2,2014,96
1123119,Oakville,Townhouse,4,2,1915,1,2020,44
934649,Toronto-Midtown,Townhouse,2,2,1569,1,1980,29
626620,Oakville,Condo,2,1,908,1,1967,56
991531,Mississauga,Semi-Detached,3,2,2050,2,2013,65
1341659,Burlington,Detached,5,2,2827,2,1994,96
484341,Hamilton,Semi-Detached,2,3,1799,1,2001,66
509057,Toronto-Downtown,Condo,2,1,1089,1,2015,25
293565,Hamilton,Condo,2,1,1095,1,2015,51
518952,Hamilton,Semi-Detached,3,2,1999,1,2014,95
1296799,Ajax,Detached,5,3,2883,2,1973,49
717330,Markham,Townhouse,3,3,1601,1,1965,80
323116,Hamilton,Condo,2,1,988,0,1975,57
332646,Burlington,Condo,1,1,672,1,1972,25
774729,Richmond Hill,Townhouse,2,3,1407,2,1993,98
610928,Brampton,Townhouse,2,2,1486,1,1981,24
991521,Hamilton,Detached,4,2,2848,1,1997,56
1416062,Brampton,Detached,4,4,2677,2,1974,92
1591421,Burlington,Detached,5,3,2912,2,1997,41
670213,Burlington,Semi-Detached,2,2,1870,1,1992,96
795342,Vaughan,Townhouse,3,3,1816,1,1990,31
622988,Hamilton,Semi-Detached,3,3,2105,1,1988,70
721646,Brampton,Semi-Detached,3,1,2140,2,2011,77
2037477,Oakville,Detached,4,3,2620,3,2007,39
647472,Ajax,Semi-Detached,2,2,1755,1,1960,32
1296612,Burlington,Detached,3,4,2309,2,1978,70
576971,Hamilton,Semi-Detached,3,1,2018,1,1997,81
767119,Vaughan,Townhouse,3,2,1625,1,2020,39
365665,Pickering,Condo,2,1,1049,1,1991,49
603572,Markham,Condo,3,1,1321,1,1980,45
1440647,Toronto-Midtown,Townhouse,4,2,2041,2,1974,37
1108279,Richmond Hill,Semi-Detached,3,1,2094,2,2022,99
918328,Markham,Semi-Detached,4,1,2157,1,1993,48
1332199,Oakville,Semi-Detached,3,2,2089,2,2022,32
1543076,Vaughan,Detached,4,2,2692,2,2016,96
555679,Richmond Hill,Condo,3,1,1301,1,2013,29
958468,Markham,Townhouse,3,3,1787,2,1981,87
960580,Toronto-Midtown,Townhouse,3,2,1766,1,1961,43
619819,Toronto-Downtown,Condo,3,1,1258,0,1971,66
742398,Mississauga,Townhouse,3,2,1661,1,2014,66
791568,Toronto-Midtown,Condo,2,1,1072,1,1970,29
1455949,Burlington,Detached,4,4,2516,2,2005,71
1203408,Pickering,Detached,4,3,2682,2,1977,79
1105567,Pickering,Detached,4,2,2520,2,1990,81
384952,Ajax,Condo,2,1,1012,0,1979,87
549271,Hamilton,Semi-Detached,3,1,2016,1,1968,89
1898736,Toronto-Midtown,Detached,4,2,2687,2,2018,91
480506,Toronto-Downtown,Condo,1,1,782,0,1976,39
341560,Mississauga,Condo,1,1,785,0,1968,50
1088960,Ajax,Detached,3,3,2336,2,1964,60
662966,Toronto-Downtown,Condo,3,1,1340,1,2021,25
682650,Burlington,Townhouse,3,3,1666,1,1974,90
1378451,Brampton,Detached,5,3,3168,1,2021,38
697563,Mississauga,Townhouse,3,2,1760,1,1991,94
750696,Richmond Hill,Townhouse,3,2,1781,1,1994,87
461309,Toronto-Downtown,Condo,1,1,796,1,2023,31
374223,Burlington,Condo,1,1,733,1,2001,59
634478,Richmond Hill,Townhouse,2,2,1420,1,1981,54
836009,Richmond Hill,Townhouse,3,3,1787,1,1973,79
539882,Hamilton,Semi-Detached,3,2,1829,1,1978,46
481988,Ajax,Townhouse,2,2,1414,1,2015,99
750515,Toronto-Downtown,Townhouse,3,2,1668,1,1985,91
1099408,Oakville,Semi-Detached,3,2,1855,1,2015,36
1241619,Brampton,Detached,5,3,3156,2,1969,55
635074,Brampton,Townhouse,3,2,1713,1,1977,52
1344860,Oakville,Townhouse,4,3,1869,2,1995,52
377512,Brampton,Condo,2,2,971,0,2023,45
1144109,Toronto-Midtown,Townhouse,4,2,1867,1,1970,20
1278368,Ajax,Detached,4,2,2939,2,2004,46
1109135,Brampton,Detached,4,3,2504,2,1976,99
1109980,Richmond Hill,Semi-Detached,3,2,2006,1,2002,48
349364,Ajax,Condo,1,1,766,1,2002,23
672855,Markham,Condo,3,1,1280,0,1995,20
346699,Ajax,Condo,2,1,1003,1,1987,72
407773,Pickering,Condo,3,1,1157,1,1998,44
530038,Richmond Hill,Condo,1,1,827,1,1991,67
794430,Vaughan,Townhouse,4,2,2003,1,2002,70
1143804,Burlington,Detached,3,2,2314,2,1960,90
817348,Pickering,Semi-Detached,4,3,2116,1,1980,72
1285547,Oakville,Semi-Detached,3,2,2013,1,2013,23
742907,Markham,Semi-Detached,2,2,1640,2,1990,29
1335597,Toronto-Downtown,Detached,3,2,2555,1,1984,73
618306,Ajax,Townhouse,3,2,1628,2,1961,35
1746423,Richmond Hill,Detached,4,4,2954,2,1972,49
391052,Ajax,Condo,3,1,1207,0,2019,62
351592,Ajax,Condo,1,1,822,1,2019,73
1414957,Richmond Hill,Detached,4,2,2881,2,2000,51
1118848,Pickering,Detached,4,2,2791,3,1975,79
911906,Hamilton,Detached,4,4,2580,3,1985,40
432958,Brampton,Condo,2,1,908,1,1964,42
646876,Richmond Hill,Condo,2,2,1087,1,1975,26
367067,Mississauga,Condo,1,1,824,1,1968,96
1359243,Mississauga,Detached,4,2,2698,2,1995,39
928044,Markham,Semi-Detached,3,1,2053,1,1961,58
624849,Richmond Hill,Condo,2,1,953,1,1996,57
1617310,Vaughan,Detached,4,2,2856,1,2007,80
658280,Burlington,Townhouse,3,3,1808,1,1972,63
867353,Vaughan,Townhouse,3,2,1691,1,1961,76
1011970,Ajax,Detached,3,4,2692,2,1992,94
967393,Ajax,Detached,4,2,2566,1,1966,63
1036712,Toronto-Midtown,Townhouse,2,2,1485,1,1978,66
1001920,Toronto-Downtown,Semi-Detached,3,2,1865,1,1979,24
863722,Toronto-Midtown,Condo,3,2,1308,0,1986,52
1203092,Pickering,Detached,5,3,3070,2,1961,84
449461,Hamilton,Townhouse,3,3,1774,1,2017,81
969601,Oakville,Townhouse,3,2,1812,1,2019,46
815034,Richmond Hill,Townhouse,3,3,1673,1,1977,49
402305,Pickering,Condo,2,1,1040,1,1983,53
479230,Vaughan,Condo,2,2,1031,1,2017,27
504438,Toronto-Downtown,Condo,1,1,756,1,1996,81
1609590,Richmond Hill,Detached,4,2,2776,2,2016,32
1108393,Oakville,Semi-Detached,3,3,1975,2,2004,38
1871607,Oakville,Detached,3,3,2286,2,1997,96
794339,Pickering,Semi-Detached,4,2,2393,1,2003,42
1670973,Richmond Hill,Detached,4,3,2868,3,1996,42
927727,Toronto-Downtown,Townhouse,4,2,2006,1,2001,72
682070,Hamilton,Semi-Detached,3,3,1820,1,1962,97
399695,Pickering,Condo,2,1,992,1,1978,96
1189324,Burlington,Detached,4,3,2629,3,1966,39
1413948,Toronto-Midtown,Semi-Detached,3,1,2075,1,1985,97
527109,Mississauga,Condo,3,2,1163,1,1973,45
791641,Mississauga,Semi-Detached,3,2,2034,1,1966,71
1233606,Markham,Semi-Detached,4,2,2095,2,1983,80
2184825,Toronto-Midtown,Detached,5,2,2903,1,1965,70
656639,Brampton,Semi-Detached,2,2,1563,1,2007,24
1256786,Markham,Detached,3,2,2687,2,2019,31
972116,Burlington,Semi-Detached,4,2,2278,2,1982,62
634033,Oakville,Condo,2,1,971,1,1990,99
695966,Pickering,Townhouse,3,2,1804,2,2009,23
1277617,Toronto-Midtown,Semi-Detached,4,2,2253,1,1976,35
494178,Ajax,Condo,3,1,1286,1,1961,94
701576,Burlington,Townhouse,3,3,1747,1,2008,53
373725,Ajax,Condo,2,2,1058,1,2019,56
344536,Hamilton,Condo,2,2,991,0,2012,46
604934,Markham,Townhouse,2,2,1483,1,2004,28
1661932,Brampton,Detached,5,4,3060,2,1973,92
854870,Markham,Townhouse,3,2,1624,1,2001,32
1005041,Brampton,Detached,4,2,2641,1,2023,56
965664,Vaughan,Semi-Detached,3,2,2059,1,1988,93
2031228,Oakville,Detached,4,4,2656,2,2003,35
808627,Toronto-Downtown,Townhouse,2,2,1427,1,2012,32
936933,Toronto-Downtown,Townhouse,3,3,1631,2,2005,71
403224,Pickering,Condo,2,2,1016,1,2010,76
1256954,Toronto-Midtown,Townhouse,3,3,1844,1,1974,57
1989944,Oakville,Detached,4,2,2618,1,1992,25
1017044,Brampton,Detached,4,2,2641,2,1972,59
728767,Burlington,Townhouse,3,3,1765,1,1972,44
995920,Hamilton,Detached,4,3,2657,2,2022,88
922493,Markham,Semi-Detached,3,3,1862,1,1971,97
1856868,Markham,Detached,5,3,2979,1,1968,45
273523,Hamilton,Condo,1,1,824,1,2017,76
1050780,Richmond Hill,Semi-Detached,4,1,2193,1,1982,36
974130,Richmond Hill,Townhouse,3,2,1825,1,2019,34
1179113,Toronto-Midtown,Townhouse,3,3,1767,1,1986,35
1195729,Hamilton,Detached,5,4,3214,2,1998,42
642942,Hamilton,Semi-Detached,3,2,1844,1,1973,31
714110,Markham,Townhouse,3,2,1678,1,1993,47
2069692,Toronto-Midtown,Detached,4,4,2678,2,1987,94
1366589,Pickering,Detached,4,3,2807,3,1986,25
894809,Pickering,Detached,3,2,2316,2,2020,65
2043198,Oakville,Detached,3,4,2585,3,1966,39
1314836,Toronto-Midtown,Semi-Detached,3,2,1818,1,1987,73
601138,Vaughan,Condo,3,1,1309,1,2023,65
465467,Vaughan,Condo,2,2,1010,1,1976,33
644996,Markham,Condo,3,1,1253,1,2009,56
976464,Burlington,Semi-Detached,4,2,2151,1,2007,76
1442336,Burlington,Detached,4,4,2942,1,2015,75
547672,Richmond Hill,Condo,1,1,803,1,2019,91
1468070,Vaughan,Detached,3,3,2596,3,1981,46
789349,Toronto-Midtown,Condo,3,2,1232,1,1989,27
689826,Richmond Hill,Condo,3,1,1323,1,2018,65
503511,Markham,Condo,1,1,653,1,2010,24
540074,Vaughan,Condo,2,1,1021,1,1993,36
556408,Oakville,Condo,2,1,949,0,1972,35
996206,Richmond Hill,Townhouse,3,2,1646,2,2017,73
1589067,Richmond Hill,Detached,4,2,2730,2,1962,66
1773329,Toronto-Downtown,Detached,4,3,2962,2,2013,97
1510282,Richmond Hill,Detached,4,2,2945,2,2011,51
537509,Hamilton,Townhouse,4,3,1896,1,2008,68
388798,Brampton,Condo,2,1,971,1,2013,39
1002899,Richmond Hill,Semi-Detached,3,2,1866,1,2004,38
946423,Vaughan,Semi-Detached,3,1,2094,1,2018,51
1008670,Oakville,Townhouse,2,3,1607,2,2022,32
1611121,Markham,Detached,5,3,2827,2,2015,60
705591,Vaughan,Townhouse,2,2,1584,1,2015,50
844296,Markham,Semi-Detached,2,2,1732,2,1979,97
927298,Hamilton,Detached,4,4,2695,2,2012,57
701549,Brampton,Townhouse,3,2,1717,1,2016,71
1499028,Vaughan,Detached,4,2,2878,1,1974,20
1209386,Toronto-Midtown,Townhouse,4,2,2042,1,1989,98
499124,Mississauga,Condo,2,1,974,1,2010,58
700110,Pickering,Townhouse,3,3,1638,1,1995,83
355768,Ajax,Condo,1,1,714,0,2007,62
453104,Brampton,Condo,3,1,1172,0,1994,70
574687,Pickering,Townhouse,2,2,1538,1,2020,71
566848,Vaughan,Condo,2,1,965,1,1988,57
898264,Oakville,Townhouse,3,2,1622,1,1988,64
1478774,Markham,Detached,4,3,2868,2,2003,39
493333,Brampton,Condo,2,2,1022,1,2003,37
439875,Markham,Condo,1,1,755,0,1995,38
683062,Richmond Hill,Condo,3,1,1314,0,1961,43
1156782,Oakville,Townhouse,3,3,1729,1,2005,94
1022917,Vaughan,Semi-Detached,3,2,1815,1,1965,39
792937,Mississauga,Townhouse,3,2,1849,1,1986,61
482164,Mississauga,Condo,2,1,927,1,2001,40
1744710,Toronto-Downtown,Detached,4,3,2834,2,1984,96
460135,Toronto-Downtown,Condo,2,1,1057,1,1990,25
486050,Burlington,Condo,2,1,952,1,1987,41
1168932,Richmond Hill,Semi-Detached,4,3,2335,2,1973,60
1297600,Toronto-Midtown,Semi-Detached,3,3,2145,1,2008,67
548941,Toronto-Downtown,Condo,2,1,1099,0,1982,96
554493,Richmond Hill,Condo,1,1,826,1,1985,84
591896,Ajax,Semi-Detached,3,1,2115,1,1961,44
2175229,Toronto-Midtown,Detached,4,2,2657,2,2000,76
579824,Pickering,Townhouse,4,2,1887,1,1990,85
390213,Brampton,Condo,2,1,1067,1,1964,45
1692418,Markham,Detached,3,3,2613,3,1999,52
1878843,Toronto-Downtown,Detached,4,4,2961,2,1980,25
629772,Ajax,Semi-Detached,3,3,1846,1,1963,45
727097,Mississauga,Townhouse,2,3,1409,1,1980,34
616760,Mississauga,Townhouse,2,3,1587,1,1998,92
2062090,Oakville,Detached,4,4,2725,2,1983,43
773162,Markham,Townhouse,3,3,1784,1,1993,94
1320977,Toronto-Midtown,Semi-Detached,3,1,1839,1,1979,96
699120,Toronto-Downtown,Townhouse,3,2,1644,1,1974,55
1080926,Burlington,Detached,3,3,2427,2,2021,57
888090,Brampton,Semi-Detached,4,1,2054,1,1975,44
493364,Burlington,Condo,3,1,1301,1,1995,58
1241455,Pickering,Detached,4,2,2811,2,1986,65
872711,Ajax,Semi-Detached,4,2,2136,1,1969,93
1746989,Toronto-Midtown,Detached,3,2,2624,1,1996,33
539057,Oakville,Condo,1,1,652,1,1992,90
1316389,Mississauga,Detached,4,3,2801,3,2010,73
1249291,Burlington,Detached,3,2,2482,3,1992,70
425142,Vaughan,Condo,2,1,1012,1,2001,95
345046,Pickering,Condo,2,1,1012,0,2021,98
518947,Pickering,Townhouse,3,2,1622,1,2010,73
346980,Ajax,Condo,2,2,954,1,2022,74
1035902,Ajax,Detached,3,3,2534,2,2015,28
1134710,Hamilton,Detached,4,3,2795,2,1963,94
1303960,Oakville,Townhouse,4,3,1989,1,1980,57
1131623,Oakville,Townhouse,3,3,1779,1,1980,36
827155,Ajax,Semi-Detached,4,2,2365,1,2011,92
1510736,Toronto-Downtown,Detached,4,4,2522,2,2014,38
756585,Vaughan,Semi-Detached,3,1,1826,2,1990,69
800801,Brampton,Townhouse,4,2,1837,1,2011,28
773530,Richmond Hill,Townhouse,3,2,1637,1,2015,65
710848,Burlington,Townhouse,3,3,1797,2,1966,27
1086835,Ajax,Detached,4,3,2925,1,1994,25
825890,Brampton,Semi-Detached,3,2,2000,2,1987,49
630341,Brampton,Townhouse,2,2,1572,1,1960,96
1393689,Toronto-Midtown,Semi-Detached,4,2,2383,1,2014,48
1088653,Mississauga,Semi-Detached,4,2,2141,1,1995,83
786762,Toronto-Midtown,Condo,2,1,989,1,1974,26
463135,Pickering,Condo,3,1,1213,1,2006,98
1108669,Oakville,Townhouse,3,2,1691,1,1990,60
739228,Brampton,Semi-Detached,2,2,1550,1,1987,41
653317,Ajax,Townhouse,4,3,1868,1,1969,26
325699,Hamilton,Condo,2,1,923,1,1985,29
454829,Toronto-Downtown,Condo,2,2,926,0,2015,28
907483,Richmond Hill,Semi-Detached,3,1,2148,1,1999,26
670925,Hamilton,Semi-Detached,4,2,2345,1,2018,32
695661,Vaughan,Townhouse,3,2,1685,1,2004,37
834217,Markham,Townhouse,4,2,1801,2,1998,75
446841,Hamilton,Townhouse,3,3,1816,1,1962,20
860370,Toronto-Downtown,Semi-Detached,2,2,1696,1,2008,99
1666205,Markham,Detached,4,2,2729,1,2015,97
532635,Ajax,Townhouse,3,2,1681,1,2020,39
1191454,Pickering,Detached,4,2,2975,2,1992,87
415515,Vaughan,Condo,1,1,800,1,2010,32
909273,Markham,Semi-Detached,2,2,1562,1,2001,27
524089,Markham,Condo,2,1,1087,1,2016,61
1063178,Pickering,Detached,4,2,2900,2,2005,38
696344,Oakville,Condo,2,1,1080,1,2008,38
588510,Hamilton,Semi-Detached,3,1,2125,1,2016,24
1241206,Oakville,Semi-Detached,3,1,2061,1,1979,96
1039019,Hamilton,Detached,4,2,2912,3,1984,61
1248896,Pickering,Detached,3,4,2657,2,2020,83
799482,Oakville,Townhouse,2,2,1464,1,2019,65
712829,Oakville,Condo,2,1,1059,0,1998,50
578935,Hamilton,Semi-Detached,3,2,1993,2,1984,54
1426982,Mississauga,Detached,3,4,2295,3,1967,83
1292776,Brampton,Detached,4,2,2951,1,1985,44
448477,Brampton,Condo,3,2,1266,1,1974,22
750089,Oakville,Condo,2,2,908,1,1980,34
713061,Brampton,Townhouse,4,2,1921,1,1981,39
1123602,Vaughan,Semi-Detached,4,3,2319,2,1973,24
590692,Burlington,Townhouse,3,2,1604,1,1974,38
1442548,Richmond Hill,Detached,4,2,2939,2,2016,37
942003,Markham,Townhouse,3,3,1808,2,1964,22
447560,Mississauga,Condo,2,1,1031,0,1994,71
789633,Richmond Hill,Townhouse,3,2,1650,1,1961,32
359273,Pickering,Condo,1,1,828,1,1992,93
1649171,Toronto-Midtown,Semi-Detached,4,3,2128,1,2011,23
782574,Richmond Hill,Townhouse,3,2,1703,2,2014,94
433752,Hamilton,Townhouse,3,2,1714,1,1966,69
867409,Hamilton,Detached,4,4,2529,2,1972,39
1669695,Toronto-Downtown,Detached,5,3,3029,2,1979,74
800457,Mississauga,Townhouse,3,2,1692,1,1987,55
452510,Pickering,Condo,2,1,1013,1,1970,69
1020888,Burlington,Semi-Detached,4,3,2080,1,1984,44
995265,Burlington,Semi-Detached,4,2,2091,1,1977,96
420889,Mississauga,Condo,2,1,961,1,2009,57
596443,Vaughan,Townhouse,2,2,1421,1,1995,71
589716,Brampton,Townhouse,3,2,1736,1,2017,59
747172,Markham,Townhouse,2,2,1552,1,1986,27
819055,Ajax,Semi-Detached,3,3,2023,2,1996,58
982196,Richmond Hill,Semi-Detached,3,1,1926,1,1969,86
1439113,Mississauga,Detached,4,3,2848,3,1998,29
1272052,Oakville,Semi-Detached,3,1,2065,1,1982,23
406992,Brampton,Condo,2,1,1029,1,1992,89
934017,Vaughan,Semi-Detached,3,1,2010,1,1981,96
1059478,Hamilton,Detached,4,2,2967,1,2001,71
600648,Markham,Condo,2,2,1007,1,1991,27
1901481,Toronto-Downtown,Detached,4,3,2760,3,1969,55
873499,Toronto-Downtown,Semi-Detached,3,2,1944,2,1997,41
906237,Oakville,Semi-Detached,2,1,1698,1,2008,51
1181645,Oakville,Townhouse,4,3,2025,1,1995,28
1256003,Vaughan,Detached,3,2,2618,2,1968,55
1107217,Oakville,Townhouse,3,2,1622,1,2000,95
737115,Mississauga,Semi-Detached,3,2,1807,1,1963,97
602542,Brampton,Townhouse,3,2,1605,1,1970,22
958085,Hamilton,Detached,5,3,3178,2,1964,31
798047,Ajax,Townhouse,4,3,1895,2,2015,40
566309,Hamilton,Semi-Detached,3,1,2044,2,2017,97
623312,Richmond Hill,Condo,2,1,902,1,2022,39
1953524,Oakville,Detached,3,3,2551,3,1982,49
1286762,Oakville,Semi-Detached,3,2,1971,1,2000,40
690738,Brampton,Semi-Detached,3,2,2103,1,1974,48
880616,Toronto-Midtown,Condo,3,1,1236,1,1991,93
1542425,Markham,Detached,4,2,2712,1,2017,34
851935,Toronto-Downtown,Townhouse,3,2,1837,2,1990,30
886396,Richmond Hill,Townhouse,3,2,1746,1,1998,27
833955,Markham,Townhouse,3,2,1657,1,2017,81
637382,Hamilton,Semi-Detached,3,2,1997,1,1964,69
1053898,Markham,Semi-Detached,3,2,2060,1,2005,88
892229,Richmond Hill,Semi-Detached,3,1,1815,2,1977,53
596984,Vaughan,Condo,3,1,1262,1,1999,22
511551,Toronto-Downtown,Condo,2,2,905,1,2017,64
901267,Markham,Semi-Detached,2,2,1815,1,1988,78
915291,Mississauga,Semi-Detached,3,2,2066,1,1965,86
529023,Oakville,Condo,1,1,687,1,2021,65
1445643,Richmond Hill,Detached,4,3,2744,2,2022,49
615792,Oakville,Condo,2,2,1035,0,2008,38
569293,Hamilton,Semi-Detached,3,2,2110,1,1996,73
977335,Vaughan,Semi-Detached,4,2,2296,1,2014,54
719449,Hamilton,Semi-Detached,4,1,2163,1,1997,80
768330,Markham,Townhouse,2,3,1481,1,2010,41
532651,Oakville,Condo,2,1,981,0,2000,28
791534,Toronto-Downtown,Semi-Detached,3,1,1931,1,1999,83
514601,Brampton,Condo,3,1,1340,1,1967,35
1444567,Markham,Detached,3,4,2234,2,2012,85
1398248,Toronto-Downtown,Detached,3,3,2560,3,2014,78
544377,Mississauga,Condo,3,1,1184,0,1963,80
570497,Toronto-Downtown,Condo,2,1,1061,0,1986,35
1030053,Pickering,Detached,3,2,2211,3,1986,86
931981,Hamilton,Detached,5,3,2964,2,2023,98
1074032,Mississauga,Semi-Detached,4,1,2128,2,1967,77
1725658,Vaughan,Detached,4,3,2777,2,1997,52
431192,Toronto-Downtown,Condo,1,1,687,0,1987,31
310385,Brampton,Condo,1,1,661,0,1961,78
1494463,Toronto-Downtown,Detached,4,3,2552,2,1984,50
1356707,Toronto-Midtown,Semi-Detached,3,2,2052,1,1982,34
713838,Pickering,Semi-Detached,3,2,1839,1,1977,60
1299655,Richmond Hill,Semi-Detached,4,2,2310,1,2000,29
534622,Pickering,Townhouse,2,3,1592,1,1966,92
882365,Burlington,Semi-Detached,4,2,2384,2,2018,71
1275607,Richmond Hill,Detached,3,3,2388,2,1996,81
558103,Hamilton,Townhouse,3,3,1809,2,2023,98
1199471,Toronto-Midtown,Townhouse,4,3,2018,1,1998,86
1371950,Toronto-Downtown,Detached,4,3,2698,2,1988,69
557783,Pickering,Townhouse,3,2,1843,2,1979,47
939053,Hamilton,Detached,4,2,2666,1,1968,47
685276,Pickering,Semi-Detached,2,1,1860,1,1970,86
366131,Hamilton,Condo,3,1,1191,0,1966,47
643319,Richmond Hill,Condo,3,1,1164,1,1990,23
1560580,Mississauga,Detached,4,3,2672,3,1988,42
958365,Ajax,Detached,4,2,2732,2,1992,37
849512,Richmond Hill,Townhouse,3,3,1715,1,2013,51
1176323,Pickering,Detached,5,3,3050,2,1961,85
927441,Richmond Hill,Semi-Detached,3,2,2122,1,2014,56
1715373,Toronto-Downtown,Detached,4,2,2995,3,1977,81
972392,Markham,Semi-Detached,4,2,2354,1,1965,27
742469,Toronto-Midtown,Condo,2,2,903,1,1983,74
333557,Pickering,Condo,1,1,661,1,1975,24
828625,Mississauga,Townhouse,3,3,1719,1,2011,33
496035,Vaughan,Condo,2,2,1016,1,1980,76
550291,Ajax,Semi-Detached,2,1,1555,2,1962,20
549966,Hamilton,Semi-Detached,2,2,1607,1,1978,58
626728,Hamilton,Semi-Detached,4,1,2101,1,2017,49
719288,Pickering,Semi-Detached,3,2,2041,1,2022,55
663022,Burlington,Townhouse,3,3,1749,1,2011,83
805917,Brampton,Semi-Detached,3,1,1942,1,2006,92
1029022,Burlington,Semi-Detached,4,2,2204,1,1990,22
1122053,Oakville,Semi-Detached,4,1,2239,2,1983,58
1562594,Richmond Hill,Detached,4,3,2586,2,1995,43
730397,Pickering,Semi-Detached,3,2,2087,1,1975,37
1303243,Markham,Detached,3,2,2397,2,1971,57
361432,Hamilton,Condo,3,1,1285,1,2002,93
898579,Vaughan,Semi-Detached,3,2,1913,2,2005,64
769003,Toronto-Midtown,Condo,3,1,1230,1,1974,79
636648,Hamilton,Semi-Detached,4,2,2350,1,1995,71
747611,Toronto-Downtown,Semi-Detached,2,1,1754,1,1976,69
1658864,Toronto-Midtown,Detached,3,2,2458,2,1961,53
758052,Pickering,Semi-Detached,3,1,2080,1,1968,81
1006978,Hamilton,Detached,3,3,2531,3,1982,48
659928,Mississauga,Townhouse,2,3,1484,1,1981,93
904657,Vaughan,Semi-Detached,3,2,1931,2,1993,53
613600,Brampton,Semi-Detached,2,2,1661,1,2016,74
2306563,Toronto-Midtown,Detached,4,3,2703,1,1962,93
1190644,Brampton,Detached,5,2,3082,2,1965,30
1388595,Toronto-Midtown,Semi-Detached,3,2,2073,1,1977,48
618549,Ajax,Townhouse,4,2,1987,1,1978,71
787413,Toronto-Downtown,Townhouse,2,2,1449,1,2008,87
339710,Hamilton,Condo,2,2,996,1,1977,73
1941662,Richmond Hill,Detached,4,3,2745,3,1967,44
536194,Mississauga,Condo,2,2,980,1,2001,53
888582,Mississauga,Townhouse,4,2,1915,1,2003,42
419791,Ajax,Condo,2,2,1084,0,1979,79
373568,Hamilton,Condo,3,1,1163,1,1992,63
1298754,Burlington,Detached,4,4,2644,1,1982,65
616030,Markham,Condo,3,1,1168,0,1994,89
870151,Burlington,Semi-Detached,4,1,2229,1,1999,50
741696,Brampton,Townhouse,3,3,1765,1,2014,32
1210913,Oakville,Semi-Detached,3,3,1821,1,1977,37
785483,Pickering,Semi-Detached,4,3,2246,2,1984,27
544075,Pickering,Townhouse,3,2,1720,2,1979,34
1545703,Mississauga,Detached,4,4,2978,2,2004,71
705861,Toronto-Midtown,Condo,2,1,969,0,1960,85
946583,Toronto-Downtown,Townhouse,4,2,2015,1,1989,39
404460,Mississauga,Condo,2,1,924,0,1992,34
1726791,Toronto-Downtown,Detached,5,3,2971,1,2005,28
453655,Vaughan,Condo,1,1,755,1,1974,83
836689,Ajax,Semi-Detached,4,1,2190,1,1987,26
662849,Pickering,Semi-Detached,2,3,1818,1,1978,70
807329,Mississauga,Townhouse,3,2,1719,1,1980,94
324707,Hamilton,Condo,3,2,1257,0,2022,31
1681060,Vaughan,Detached,4,3,2680,1,1989,32
655733,Pickering,Semi-Detached,2,1,1860,1,1976,51
713748,Markham,Townhouse,2,2,1511,1,2004,50
1418885,Pickering,Detached,5,2,2890,2,2011,39
436707,Vaughan,Condo,2,1,1071,0,2007,62
581476,Mississauga,Condo,3,2,1282,0,1990,85
495378,Hamilton,Semi-Detached,2,1,1582,1,1983,63
462376,Hamilton,Townhouse,3,2,1648,1,2022,44
739075,Brampton,Semi-Detached,2,3,1747,1,1980,92
259768,Hamilton,Condo,1,1,676,0,1987,89
517713,Mississauga,Condo,2,1,1032,1,1993,32
886105,Richmond Hill,Townhouse,2,3,1463,1,1984,47
662961,Richmond Hill,Townhouse,2,2,1542,1,2000,88
490541,Mississauga,Condo,3,1,1303,1,2002,28
1121749,Vaughan,Semi-Detached,4,3,2343,1,2022,94
989872,Richmond Hill,Semi-Detached,3,1,2141,1,2021,20
614252,Hamilton,Semi-Detached,3,1,1826,1,1991,85
1650775,Vaughan,Detached,4,3,2926,2,1991,62
498764,Brampton,Condo,3,2,1266,0,1962,81
555965,Pickering,Townhouse,3,2,1674,1,1986,57
1652917,Richmond Hill,Detached,3,2,2682,2,1977,62
694803,Hamilton,Semi-Detached,4,3,2387,1,1998,70
686008,Ajax,Semi-Detached,4,2,2367,1,1999,73
425727,Pickering,Condo,2,1,1077,0,1987,52
690116,Oakville,Condo,2,1,908,1,2001,54
631533,Toronto-Midtown,Condo,1,1,666,1,1980,37
1038256,Hamilton,Detached,5,3,3106,2,2021,20
520634,Mississauga,Condo,3,2,1203,1,1966,41
1130734,Ajax,Detached,3,3,2418,2,2011,94
536835,Richmond Hill,Condo,2,2,987,1,2002,72
716383,Markham,Townhouse,3,2,1784,1,2018,57
813081,Burlington,Semi-Detached,4,2,2370,1,2001,29
796580,Hamilton,Detached,4,2,2630,2,2008,91
394289,Toronto-Downtown,Condo,1,1,670,1,2013,46
469670,Markham,Condo,2,1,946,1,2013,52
1065962,Vaughan,Semi-Detached,3,3,1963,1,1964,57
1944173,Richmond Hill,Detached,4,4,2875,3,1972,63
1601218,Mississauga,Detached,4,3,2891,2,1981,72
374894,Pickering,Condo,1,1,678,1,2000,42
920333,Oakville,Semi-Detached,2,1,1571,1,2021,91
1363144,Oakville,Semi-Detached,3,3,2034,1,1988,24
267419,Hamilton,Condo,1,1,786,1,2011,50
1469944,Vaughan,Detached,4,3,2555,2,2009,66
350537,Pickering,Condo,2,1,978,0,2021,75
433555,Mississauga,Condo,2,1,939,1,1971,73
311164,Ajax,Condo,1,1,695,1,1967,55
761644,Pickering,Semi-Detached,2,3,1830,1,2015,25
853976,Toronto-Downtown,Semi-Detached,3,1,2112,1,1980,49
873312,Toronto-Downtown,Townhouse,3,2,1603,1,1971,98
611390,Pickering,Semi-Detached,2,2,1614,1,1961,68
1544433,Markham,Detached,5,2,3204,3,1965,33
891603,Toronto-Downtown,Semi-Detached,3,2,2014,1,1994,55
1247285,Brampton,Detached,5,2,2991,2,2013,93
479955,Pickering,Condo,3,1,1216,1,1986,37
894464,Mississauga,Semi-Detached,4,1,2396,1,2018,63
1178948,Toronto-Midtown,Semi-Detached,3,3,2123,1,1981,26
1578476,Richmond Hill,Detached,4,3,2578,1,1969,24
1112197,Vaughan,Semi-Detached,4,3,2051,1,1967,87
828119,Mississauga,Townhouse,3,2,1820,1,1977,73
339363,Hamilton,Condo,2,1,962,1,1978,50
522835,Ajax,Townhouse,3,2,1760,2,1992,51
663106,Burlington,Townhouse,2,2,1641,1,2013,76
1284748,Pickering,Detached,4,2,2966,2,2023,27
1179332,Pickering,Detached,4,2,2903,1,1974,82
779804,Markham,Semi-Detached,2,2,1890,1,2016,81
673082,Brampton,Semi-Detached,3,2,1838,2,1974,25
1214715,Toronto-Midtown,Townhouse,3,2,1664,1,1967,84
849305,Pickering,Semi-Detached,4,2,2248,1,1999,88
1080813,Toronto-Midtown,Townhouse,3,2,1664,1,1974,38
1293672,Mississauga,Detached,3,4,2268,1,1971,55
882022,Hamilton,Detached,3,2,2233,2,2020,80
422610,Ajax,Condo,2,1,1091,1,1996,30
665867,Markham,Townhouse,2,2,1644,1,2007,66
593584,Hamilton,Townhouse,4,2,2028,2,1982,32
725259,Toronto-Downtown,Semi-Detached,2,1,1806,2,2015,69
1196320,Brampton,Detached,4,3,2607,3,1979,55
1229060,Toronto-Downtown,Semi-Detached,4,3,2142,1,2015,50
972206,Richmond Hill,Semi-Detached,3,1,1800,1,1979,44
370684,Burlington,Condo,1,1,796,1,2018,34
850350,Richmond Hill,Townhouse,3,3,1830,2,1995,39
771468,Mississauga,Townhouse,3,2,1625,1,2010,75
1133410,Brampton,Detached,4,2,2554,3,1984,72
736273,Hamilton,Semi-Detached,4,3,2253,1,2013,35
1511014,Vaughan,Detached,4,4,2800,1,2010,49
554479,Oakville,Condo,1,1,788,1,2009,74
824994,Vaughan,Townhouse,4,2,1877,1,1990,37
598295,Hamilton,Semi-Detached,4,2,2079,1,2000,64
698616,Pickering,Semi-Detached,3,1,1884,1,2004,98
669629,Brampton,Townhouse,4,2,2045,2,1989,45
622933,Oakville,Condo,2,1,919,1,1980,80
800424,Brampton,Semi-Detached,3,2,1810,1,1997,80
561736,Vaughan,Condo,2,2,1041,1,1964,34
1433660,Richmond Hill,Detached,4,3,2507,1,1990,48
558685,Ajax,Semi-Detached,2,2,1824,1,2007,28
581056,Hamilton,Townhouse,4,2,1895,1,1962,43
441091,Burlington,Condo,3,1,1340,1,2016,26
878439,Richmond Hill,Townhouse,3,3,1632,1,1997,23
796116,Brampton,Townhouse,4,2,1944,1,1981,71
751612,Burlington,Semi-Detached,2,1,1635,1,1988,59
538490,Richmond Hill,Condo,1,1,837,1,1979,75
733668,Mississauga,Townhouse,3,2,1672,1,1996,91
663732,Pickering,Semi-Detached,3,1,2098,2,1990,44
1165496,Markham,Semi-Detached,4,2,2091,1,2020,33
597506,Toronto-Downtown,Condo,2,1,1072,1,1991,76
756420,Vaughan,Townhouse,2,3,1545,1,2004,29
1135253,Brampton,Detached,3,3,2591,2,1981,89
321699,Burlington,Condo,1,1,680,0,1997,76
1160924,Oakville,Townhouse,3,3,1797,1,2012,80
847692,Mississauga,Townhouse,3,3,1733,1,1991,41
1217466,Burlington,Detached,3,3,2669,2,2016,28
1013121,Toronto-Midtown,Townhouse,3,2,1811,1,1978,35
1410873,Burlington,Detached,4,3,2517,2,1962,78
963939,Hamilton,Detached,4,2,2890,2,2001,70
719332,Toronto-Downtown,Townhouse,3,2,1624,1,2003,76
519409,Mississauga,Condo,3,2,1337,1,1983,51
1852299,Vaughan,Detached,5,4,3170,2,1994,88
914775,Burlington,Semi-Detached,3,2,2088,1,2001,91
1338860,Markham,Detached,4,2,2834,1,2011,54
547456,Vaughan,Condo,2,2,951,1,1993,20
791512,Brampton,Semi-Detached,3,2,2023,2,1971,71
993898,Toronto-Downtown,Semi-Detached,3,2,1870,1,1981,57
955024,Richmond Hill,Semi-Detached,2,1,1783,2,1980,66
738698,Oakville,Townhouse,2,2,1400,1,1973,78
1341122,Mississauga,Detached,4,2,2548,1,1966,96
1474540,Mississauga,Detached,5,3,2998,2,1992,36
2091134,Oakville,Detached,5,4,3015,3,1986,64
1156528,Toronto-Midtown,Semi-Detached,3,1,2092,2,2005,98
320194,Brampton,Condo,1,1,672,0,2003,60
812185,Hamilton,Detached,4,2,2569,2,2003,63
701889,Brampton,Semi-Detached,3,2,1954,1,1969,68
616750,Mississauga,Condo,3,2,1221,0,2012,50
964463,Toronto-Midtown,Townhouse,3,2,1838,1,2002,82
1093844,Richmond Hill,Semi-Detached,3,1,2146,1,2020,80
2080176,Oakville,Detached,4,3,2615,2,1980,22
1226868,Vaughan,Semi-Detached,4,3,2146,1,2002,50
762527,Oakville,Condo,3,1,1183,0,1993,98
313564,Hamilton,Condo,1,1,658,1,1978,93
1448265,Toronto-Midtown,Semi-Detached,4,2,2172,1,2019,22
1275806,Brampton,Detached,4,2,2705,1,2003,58
640168,Oakville,Condo,2,2,963,1,2007,95
1134089,Ajax,Detached,4,3,2845,2,1978,57
1155354,Richmond Hill,Semi-Detached,3,2,1932,1,1982,63
1288722,Brampton,Detached,4,3,2846,2,2005,83
917355,Vaughan,Semi-Detached,3,1,2141,1,2003,61
578170,Markham,Condo,3,2,1270,1,2003,70
1550728,Oakville,Detached,3,4,2322,2,1991,40
563857,Hamilton,Townhouse,3,2,1678,2,2011,98
802149,Oakville,Townhouse,2,2,1547,1,1989,82
1472801,Mississauga,Detached,4,2,2756,1,2007,64
1596885,Richmond Hill,Detached,3,2,2330,2,1978,39
1861681,Vaughan,Detached,4,4,2770,3,2016,76
559868,Brampton,Townhouse,3,2,1845,1,2011,20
1375714,Toronto-Midtown,Semi-Detached,3,3,1876,1,1975,86
710853,Brampton,Townhouse,3,2,1785,2,1984,67
449092,Markham,Condo,2,1,903,1,2000,38
837315,Vaughan,Townhouse,3,2,1636,1,2002,39
972009,Toronto-Midtown,Semi-Detached,2,1,1613,2,2014,93
660563,Oakville,Condo,2,1,1036,0,2007,71
1214324,Toronto-Midtown,Townhouse,3,2,1674,1,1967,24
489713,Hamilton,Semi-Detached,2,3,1719,1,2020,86
1405219,Richmond Hill,Detached,3,3,2566,2,1980,60
742146,Richmond Hill,Townhouse,2,2,1551,2,1977,34
1045025,Richmond Hill,Semi-Detached,3,2,2040,1,1995,50
2052835,Toronto-Midtown,Detached,4,4,2807,2,1985,34
1318507,Burlington,Detached,4,4,2809,2,1973,97
446491,Brampton,Condo,3,2,1338,1,1999,43
393701,Mississauga,Condo,1,1,831,1,2020,61
831334,Toronto-Downtown,Semi-Detached,2,3,1850,1,1988,22
602202,Markham,Condo,2,1,1041,1,1994,74
1303228,Vaughan,Detached,4,4,2546,1,1977,98
1104067,Toronto-Midtown,Townhouse,3,2,1663,1,1961,88
1391486,Toronto-Downtown,Detached,4,2,2902,3,1998,32
1516050,Toronto-Downtown,Detached,4,2,2578,2,2017,67
703145,Toronto-Downtown,Townhouse,3,2,1700,1,2013,25
1829890,Markham,Detached,5,2,2911,2,2010,77
599508,Toronto-Downtown,Condo,3,1,1335,0,1972,37
1093180,Vaughan,Semi-Detached,4,2,2106,1,1964,54
870359,Mississauga,Semi-Detached,3,2,1837,1,1999,45
542299,Oakville,Condo,1,1,687,1,1970,92
1049411,Richmond Hill,Townhouse,3,3,1664,2,1993,22
471833,Mississauga,Condo,2,1,1065,1,2006,38
1190507,Brampton,Detached,5,2,3068,1,1968,60
952450,Hamilton,Detached,3,3,2379,1,1974,36
364149,Hamilton,Condo,3,2,1287,0,1992,87
942969,Markham,Semi-Detached,3,2,1883,1,1961,49
838831,Ajax,Semi-Detached,3,3,1944,1,1990,68
310717,Ajax,Condo,1,1,666,1,1998,73
1634114,Toronto-Downtown,Detached,4,3,2827,3,1977,57
868362,Richmond Hill,Townhouse,4,2,1977,1,1967,38
555640,Mississauga,Townhouse,2,2,1501,2,1988,29
959837,Hamilton,Detached,5,2,3015,3,2022,45
1070143,Mississauga,Semi-Detached,4,2,2173,1,2018,96
1346393,Ajax,Detached,4,3,2864,3,1983,98
341175,Mississauga,Condo,1,1,652,1,2017,91
1125815,Toronto-Downtown,Semi-Detached,4,2,2070,1,1997,80
1667759,Richmond Hill,Detached,4,2,2720,3,2020,23
1575149,Toronto-Downtown,Detached,3,3,2336,2,2007,67
1024026,Ajax,Detached,4,3,2941,2,1962,60
1616049,Mississauga,Detached,5,3,3100,2,1976,84
422721,Pickering,Condo,3,1,1319,1,1968,59
360817,Ajax,Condo,2,1,1094,1,2008,99
1356095,Brampton,Detached,4,3,2846,3,1990,34
973771,Ajax,Detached,3,4,2255,2,1985,64
1012060,Hamilton,Detached,4,2,2832,2,2017,67
517588,Vaughan,Condo,2,2,1004,1,1974,36
1565890,Vaughan,Detached,5,4,3104,1,2001,93
1132462,Richmond Hill,Semi-Detached,3,2,2107,2,2023,85
1348926,Toronto-Midtown,Semi-Detached,3,1,1960,2,1968,93
1699172,Toronto-Downtown,Detached,4,3,2511,3,1963,55
479147,Vaughan,Condo,1,1,696,1,2010,45
355590,Brampton,Condo,2,1,936,1,2018,88
441589,Pickering,Condo,2,2,968,1,1986,29
947373,Hamilton,Detached,3,3,2337,1,1972,27
635777,Oakville,Condo,2,2,990,1,2021,92
1563909,Mississauga,Detached,4,4,2697,1,1998,37
1053486,Pickering,Detached,3,3,2227,2,1972,98
1409096,Toronto-Midtown,Semi-Detached,4,2,2281,2,2010,54
1774917,Oakville,Detached,4,3,2610,2,1971,35
378225,Brampton,Condo,2,1,974,1,1998,93
416860,Markham,Condo,1,1,813,1,2005,91
1675260,Mississauga,Detached,5,3,3120,3,2005,38
952983,Richmond Hill,Townhouse,3,3,1828,1,1966,28
453916,Brampton,Condo,2,2,920,1,2015,87
2283166,Toronto-Midtown,Detached,5,3,3082,2,1997,55
866213,Mississauga,Semi-Detached,4,2,2271,1,1967,38
1087001,Ajax,Detached,5,2,2879,2,1969,92
613038,Vaughan,Townhouse,2,3,1463,1,1972,44
438678,Brampton,Condo,2,1,938,0,2002,40
1169810,Richmond Hill,Semi-Detached,3,2,2105,1,2016,49
759739,Pickering,Semi-Detached,4,1,2068,2,1996,36
938068,Hamilton,Detached,4,4,2782,2,2004,47
504565,Hamilton,Townhouse,3,2,1805,1,1970,90
1238142,Toronto-Downtown,Detached,3,2,2365,3,2010,46
871239,Mississauga,Semi-Detached,3,2,2131,1,2019,67
665085,Brampton,Townhouse,4,2,2011,1,1960,39
661292,Toronto-Midtown,Condo,1,1,672,1,1971,49
475476,Vaughan,Condo,2,1,974,1,1969,70
500562,Richmond Hill,Condo,1,1,730,0,2004,50
1270579,Oakville,Semi-Detached,3,2,1943,1,2009,31
300558,Hamilton,Condo,2,1,1076,1,1998,68
1592861,Burlington,Detached,5,3,3126,2,1983,43
797908,Markham,Townhouse,4,2,1808,1,2007,66
875949,Markham,Townhouse,4,3,2001,1,1970,48
900512,Richmond Hill,Townhouse,3,2,1659,1,1975,38
656911,Toronto-Midtown,Condo,2,1,995,1,2007,92
732068,Markham,Townhouse,3,3,1657,1,2002,26
1655458,Toronto-Downtown,Detached,4,3,2925,2,1985,42
344692,Ajax,Condo,2,2,1098,0,1976,63
1440796,Richmond Hill,Detached,3,3,2597,2,1970,53
723116,Mississauga,Semi-Detached,3,2,1822,1,2007,91
742541,Pickering,Semi-Detached,3,1,2117,2,1993,78
1259418,Richmond Hill,Detached,3,2,2534,2,1987,30
1504764,Burlington,Detached,4,2,2754,3,2006,49
1244791,Burlington,Detached,5,2,2808,1,1967,71
1147501,Toronto-Midtown,Semi-Detached,2,2,1837,2,1995,65
930536,Oakville,Townhouse,3,2,1720,1,2010,81
447806,Mississauga,Condo,2,1,1095,0,1983,85
1181601,Burlington,Detached,4,3,2768,2,2001,57
671250,Brampton,Townhouse,3,3,1695,1,1993,20
1152043,Burlington,Detached,3,4,2387,3,1998,34
1082833,Toronto-Downtown,Semi-Detached,4,1,2394,2,1964,59
818872,Oakville,Townhouse,2,2,1403,2,1960,46
1349900,Burlington,Detached,4,2,2711,2,1994,43
1568145,Richmond Hill,Detached,3,2,2232,3,1986,20
1178224,Oakville,Semi-Detached,2,3,1702,1,2007,34
379345,Hamilton,Condo,3,1,1291,1,1996,44
999178,Richmond Hill,Semi-Detached,3,2,2049,2,2007,62
1398754,Richmond Hill,Detached,3,4,2265,2,1975,50
1704559,Richmond Hill,Detached,3,3,2436,3,1995,28
453027,Brampton,Condo,3,1,1260,0,2005,47
804981,Vaughan,Townhouse,3,2,1787,1,1960,61
623979,Vaughan,Townhouse,2,3,1487,1,1994,98
1317132,Toronto-Downtown,Detached,3,3,2583,3,2007,67
492943,Mississauga,Condo,3,2,1224,1,2018,60
811643,Toronto-Downtown,Townhouse,2,3,1461,1,1964,82
1561351,Markham,Detached,5,3,3196,2,2018,95
444155,Burlington,Condo,2,1,1028,1,2004,72
468658,Brampton,Condo,3,1,1317,1,2003,25
489014,Hamilton,Semi-Detached,2,1,1731,1,1968,93
1371413,Brampton,Detached,4,2,2945,2,1993,99
829674,Toronto-Downtown,Semi-Detached,3,1,1991,1,1988,78
832398,Toronto-Midtown,Condo,2,2,989,1,2023,38
1276610,Markham,Detached,3,4,2637,1,2008,88
761566,Richmond Hill,Townhouse,3,2,1652,1,1970,53
772069,Toronto-Downtown,Semi-Detached,2,2,1853,2,1990,89
882426,Pickering,Semi-Detached,4,1,2343,1,1999,83
688691,Ajax,Townhouse,3,3,1658,1,1960,32
1939194,Oakville,Detached,5,2,3255,2,1975,50
1098365,Mississauga,Semi-Detached,4,2,2270,1,1978,60
730674,Oakville,Condo,2,1,932,1,2011,31
1600018,Toronto-Downtown,Detached,5,4,2890,2,1994,53
1025649,Brampton,Detached,4,2,2713,2,1973,93
651852,Mississauga,Townhouse,2,3,1430,2,1978,26
1485461,Markham,Detached,4,3,2936,2,1995,86
353951,Brampton,Condo,2,1,907,1,2018,86
1509446,Burlington,Detached,4,3,2961,1,1972,95
1581572,Mississauga,Detached,5,4,2928,2,2006,28
1663823,Vaughan,Detached,4,4,2525,1,1964,24
862077,Mississauga,Semi-Detached,3,2,2078,1,1987,52
722195,Pickering,Semi-Detached,3,1,2117,1,1997,92
315536,Hamilton,Condo,2,1,1000,1,2017,44
979274,Richmond Hill,Semi-Detached,4,1,2053,1,1982,56
434942,Markham,Condo,2,1,932,0,2005,34
2115966,Oakville,Detached,4,2,2634,2,2020,26
584397,Markham,Condo,3,2,1254,1,1991,59
1158156,Oakville,Townhouse,4,2,2015,1,2011,28
646908,Mississauga,Townhouse,3,2,1831,1,1978,63
